"Figure NA.7 – Values of ce,(z)",,,,,,,,,,,,,,,,,,,,,,,,,,,,,,,,,,,,,,,,,,,,,,,,,,,,,,,,,,,,,,,,,,,,,,,,,,,,,,,,,,,,,,,,,,,,,,,,,,,,,,,,,,,,,,
, Height (m),,,,,,,,,,,,,,,,,,,,,,,,,,,,,,,,,,,,,,,,,,,,,,,,,,,,,,,,,,,,,,,,,,,,,,,,,,,,,,,,,,,,,,,,,,,,,,,,,,,,,,,,,,,,,
Fetch (km),2,2.094,2.193,2.296,2.405,2.518,2.637,2.761,2.891,3.027,3.17,3.319,3.476,3.639,3.811,3.991,4.179,4.376,4.582,4.798,5.024,5.261,5.508,5.768,6.04,6.325,6.623,6.935,7.262,7.604,7.962,8.337,8.73,9.142,9.573,10.024,10.496,10.991,11.509,12.051,12.619,13.214,13.837,14.489,15.172,15.887,16.635,17.419,18.24,19.1,20,20.943,21.93,22.963,24.045,25.179,26.365,27.608,28.909,30.271,31.698,33.192,34.756,36.394,38.109,39.905,41.786,43.755,45.817,47.977,50.238,52.605,55.085,57.681,60.399,63.246,66.226,69.347,72.616,76.038,79.621,83.374,87.303,91.418,95.726,100.237,104.961,109.908,115.088,120.512,126.191,132.139,138.366,144.887,151.716,158.866,166.353,174.193,182.402,190.999,200,209.426,219.296,229.631,240.453,251.785,263.651,276.077,289.088,302.712
0.1,1.9124,1.9441,1.976,2.0081,2.0405,2.0683,2.0919,2.1157,2.1395,2.1635,2.1875,2.2117,2.236,2.2604,2.2849,2.3095,2.3343,2.3591,2.384,2.409,2.4341,2.4593,2.4846,2.51,2.5354,2.5609,2.5865,2.6122,2.6379,2.6637,2.6896,2.7155,2.7415,2.7675,2.7935,2.8196,2.8457,2.8718,2.8979,2.924,2.9502,2.9763,3.0024,3.0285,3.0545,3.0806,3.1065,3.1324,3.1583,3.184,3.2097,3.2353,3.2608,3.2862,3.3114,3.3365,3.3614,3.3862,3.4109,3.4353,3.4595,3.4836,3.5074,3.531,3.5544,3.5776,3.6005,3.6231,3.6455,3.6676,3.6894,3.7109,3.7322,3.7532,3.7739,3.7943,3.8144,3.8343,3.8538,3.8732,3.8922,3.9111,3.9297,3.9481,3.9664,3.9844,4.0024,4.0202,4.038,4.0558,4.0735,4.0913,4.1092,4.1272,4.1453,4.1637,4.1824,4.2014,4.2207,4.2405,4.2607,4.2815,4.3029,4.3248,4.3475,4.3709,4.395,4.4199,4.4457,4.4723
0.107,1.9023,1.9337,1.9654,1.9974,2.0296,2.0621,2.0919,2.1157,2.1395,2.1635,2.1875,2.2117,2.236,2.2604,2.2849,2.3095,2.3343,2.3591,2.384,2.409,2.4341,2.4593,2.4846,2.51,2.5354,2.5609,2.5865,2.6122,2.6379,2.6637,2.6896,2.7155,2.7415,2.7675,2.7935,2.8196,2.8457,2.8718,2.8979,2.924,2.9502,2.9763,3.0024,3.0285,3.0545,3.0806,3.1065,3.1324,3.1583,3.184,3.2097,3.2353,3.2608,3.2862,3.3114,3.3365,3.3614,3.3862,3.4109,3.4353,3.4595,3.4836,3.5074,3.531,3.5544,3.5776,3.6005,3.6231,3.6455,3.6676,3.6894,3.7109,3.7322,3.7532,3.7739,3.7943,3.8144,3.8343,3.8538,3.8732,3.8922,3.9111,3.9297,3.9481,3.9664,3.9844,4.0024,4.0202,4.038,4.0558,4.0735,4.0913,4.1092,4.1272,4.1453,4.1637,4.1824,4.2014,4.2207,4.2405,4.2607,4.2815,4.3029,4.3248,4.3475,4.3709,4.395,4.4199,4.4457,4.4723
0.115,1.8923,1.9235,1.9551,1.9869,2.019,2.0513,2.0838,2.1157,2.1395,2.1635,2.1875,2.2117,2.236,2.2604,2.2849,2.3095,2.3343,2.3591,2.384,2.409,2.4341,2.4593,2.4846,2.51,2.5354,2.5609,2.5865,2.6122,2.6379,2.6637,2.6896,2.7155,2.7415,2.7675,2.7935,2.8196,2.8457,2.8718,2.8979,2.924,2.9502,2.9763,3.0024,3.0285,3.0545,3.0806,3.1065,3.1324,3.1583,3.184,3.2097,3.2353,3.2608,3.2862,3.3114,3.3365,3.3614,3.3862,3.4109,3.4353,3.4595,3.4836,3.5074,3.531,3.5544,3.5776,3.6005,3.6231,3.6455,3.6676,3.6894,3.7109,3.7322,3.7532,3.7739,3.7943,3.8144,3.8343,3.8538,3.8732,3.8922,3.9111,3.9297,3.9481,3.9664,3.9844,4.0024,4.0202,4.038,4.0558,4.0735,4.0913,4.1092,4.1272,4.1453,4.1637,4.1824,4.2014,4.2207,4.2405,4.2607,4.2815,4.3029,4.3248,4.3475,4.3709,4.395,4.4199,4.4457,4.4723
0.123,1.8824,1.9136,1.945,1.9766,2.0085,2.0406,2.073,2.1057,2.1386,2.1635,2.1875,2.2117,2.236,2.2604,2.2849,2.3095,2.3343,2.3591,2.384,2.409,2.4341,2.4593,2.4846,2.51,2.5354,2.5609,2.5865,2.6122,2.6379,2.6637,2.6896,2.7155,2.7415,2.7675,2.7935,2.8196,2.8457,2.8718,2.8979,2.924,2.9502,2.9763,3.0024,3.0285,3.0545,3.0806,3.1065,3.1324,3.1583,3.184,3.2097,3.2353,3.2608,3.2862,3.3114,3.3365,3.3614,3.3862,3.4109,3.4353,3.4595,3.4836,3.5074,3.531,3.5544,3.5776,3.6005,3.6231,3.6455,3.6676,3.6894,3.7109,3.7322,3.7532,3.7739,3.7943,3.8144,3.8343,3.8538,3.8732,3.8922,3.9111,3.9297,3.9481,3.9664,3.9844,4.0024,4.0202,4.038,4.0558,4.0735,4.0913,4.1092,4.1272,4.1453,4.1637,4.1824,4.2014,4.2207,4.2405,4.2607,4.2815,4.3029,4.3248,4.3475,4.3709,4.395,4.4199,4.4457,4.4723
0.132,1.8728,1.9038,1.935,1.9665,1.9982,2.0302,2.0624,2.0949,2.1276,2.1606,2.1875,2.2117,2.236,2.2604,2.2849,2.3095,2.3343,2.3591,2.384,2.409,2.4341,2.4593,2.4846,2.51,2.5354,2.5609,2.5865,2.6122,2.6379,2.6637,2.6896,2.7155,2.7415,2.7675,2.7935,2.8196,2.8457,2.8718,2.8979,2.924,2.9502,2.9763,3.0024,3.0285,3.0545,3.0806,3.1065,3.1324,3.1583,3.184,3.2097,3.2353,3.2608,3.2862,3.3114,3.3365,3.3614,3.3862,3.4109,3.4353,3.4595,3.4836,3.5074,3.531,3.5544,3.5776,3.6005,3.6231,3.6455,3.6676,3.6894,3.7109,3.7322,3.7532,3.7739,3.7943,3.8144,3.8343,3.8538,3.8732,3.8922,3.9111,3.9297,3.9481,3.9664,3.9844,4.0024,4.0202,4.038,4.0558,4.0735,4.0913,4.1092,4.1272,4.1453,4.1637,4.1824,4.2014,4.2207,4.2405,4.2607,4.2815,4.3029,4.3248,4.3475,4.3709,4.395,4.4199,4.4457,4.4723
0.141,1.8634,1.8942,1.9253,1.9566,1.9882,2.02,2.052,2.0843,2.1169,2.1497,2.1828,2.2117,2.236,2.2604,2.2849,2.3095,2.3343,2.3591,2.384,2.409,2.4341,2.4593,2.4846,2.51,2.5354,2.5609,2.5865,2.6122,2.6379,2.6637,2.6896,2.7155,2.7415,2.7675,2.7935,2.8196,2.8457,2.8718,2.8979,2.924,2.9502,2.9763,3.0024,3.0285,3.0545,3.0806,3.1065,3.1324,3.1583,3.184,3.2097,3.2353,3.2608,3.2862,3.3114,3.3365,3.3614,3.3862,3.4109,3.4353,3.4595,3.4836,3.5074,3.531,3.5544,3.5776,3.6005,3.6231,3.6455,3.6676,3.6894,3.7109,3.7322,3.7532,3.7739,3.7943,3.8144,3.8343,3.8538,3.8732,3.8922,3.9111,3.9297,3.9481,3.9664,3.9844,4.0024,4.0202,4.038,4.0558,4.0735,4.0913,4.1092,4.1272,4.1453,4.1637,4.1824,4.2014,4.2207,4.2405,4.2607,4.2815,4.3029,4.3248,4.3475,4.3709,4.395,4.4199,4.4457,4.4723
0.151,1.8541,1.8848,1.9157,1.9469,1.9783,2.0099,2.0418,2.074,2.1064,2.139,2.1719,2.205,2.236,2.2604,2.2849,2.3095,2.3343,2.3591,2.384,2.409,2.4341,2.4593,2.4846,2.51,2.5354,2.5609,2.5865,2.6122,2.6379,2.6637,2.6896,2.7155,2.7415,2.7675,2.7935,2.8196,2.8457,2.8718,2.8979,2.924,2.9502,2.9763,3.0024,3.0285,3.0545,3.0806,3.1065,3.1324,3.1583,3.184,3.2097,3.2353,3.2608,3.2862,3.3114,3.3365,3.3614,3.3862,3.4109,3.4353,3.4595,3.4836,3.5074,3.531,3.5544,3.5776,3.6005,3.6231,3.6455,3.6676,3.6894,3.7109,3.7322,3.7532,3.7739,3.7943,3.8144,3.8343,3.8538,3.8732,3.8922,3.9111,3.9297,3.9481,3.9664,3.9844,4.0024,4.0202,4.038,4.0558,4.0735,4.0913,4.1092,4.1272,4.1453,4.1637,4.1824,4.2014,4.2207,4.2405,4.2607,4.2815,4.3029,4.3248,4.3475,4.3709,4.395,4.4199,4.4457,4.4723
0.162,1.845,1.8756,1.9063,1.9373,1.9686,2.0001,2.0318,2.0638,2.0961,2.1285,2.1613,2.1942,2.2274,2.2604,2.2849,2.3095,2.3343,2.3591,2.384,2.409,2.4341,2.4593,2.4846,2.51,2.5354,2.5609,2.5865,2.6122,2.6379,2.6637,2.6896,2.7155,2.7415,2.7675,2.7935,2.8196,2.8457,2.8718,2.8979,2.924,2.9502,2.9763,3.0024,3.0285,3.0545,3.0806,3.1065,3.1324,3.1583,3.184,3.2097,3.2353,3.2608,3.2862,3.3114,3.3365,3.3614,3.3862,3.4109,3.4353,3.4595,3.4836,3.5074,3.531,3.5544,3.5776,3.6005,3.6231,3.6455,3.6676,3.6894,3.7109,3.7322,3.7532,3.7739,3.7943,3.8144,3.8343,3.8538,3.8732,3.8922,3.9111,3.9297,3.9481,3.9664,3.9844,4.0024,4.0202,4.038,4.0558,4.0735,4.0913,4.1092,4.1272,4.1453,4.1637,4.1824,4.2014,4.2207,4.2405,4.2607,4.2815,4.3029,4.3248,4.3475,4.3709,4.395,4.4199,4.4457,4.4723
0.174,1.8361,1.8665,1.8971,1.928,1.9591,1.9904,2.022,2.0538,2.0859,2.1182,2.1508,2.1836,2.2167,2.2499,2.2835,2.3095,2.3343,2.3591,2.384,2.409,2.4341,2.4593,2.4846,2.51,2.5354,2.5609,2.5865,2.6122,2.6379,2.6637,2.6896,2.7155,2.7415,2.7675,2.7935,2.8196,2.8457,2.8718,2.8979,2.924,2.9502,2.9763,3.0024,3.0285,3.0545,3.0806,3.1065,3.1324,3.1583,3.184,3.2097,3.2353,3.2608,3.2862,3.3114,3.3365,3.3614,3.3862,3.4109,3.4353,3.4595,3.4836,3.5074,3.531,3.5544,3.5776,3.6005,3.6231,3.6455,3.6676,3.6894,3.7109,3.7322,3.7532,3.7739,3.7943,3.8144,3.8343,3.8538,3.8732,3.8922,3.9111,3.9297,3.9481,3.9664,3.9844,4.0024,4.0202,4.038,4.0558,4.0735,4.0913,4.1092,4.1272,4.1453,4.1637,4.1824,4.2014,4.2207,4.2405,4.2607,4.2815,4.3029,4.3248,4.3475,4.3709,4.395,4.4199,4.4457,4.4723
0.186,1.8274,1.8576,1.8881,1.9188,1.9497,1.9809,2.0124,2.044,2.076,2.1081,2.1405,2.1732,2.2061,2.2392,2.2726,2.3062,2.3343,2.3591,2.384,2.409,2.4341,2.4593,2.4846,2.51,2.5354,2.5609,2.5865,2.6122,2.6379,2.6637,2.6896,2.7155,2.7415,2.7675,2.7935,2.8196,2.8457,2.8718,2.8979,2.924,2.9502,2.9763,3.0024,3.0285,3.0545,3.0806,3.1065,3.1324,3.1583,3.184,3.2097,3.2353,3.2608,3.2862,3.3114,3.3365,3.3614,3.3862,3.4109,3.4353,3.4595,3.4836,3.5074,3.531,3.5544,3.5776,3.6005,3.6231,3.6455,3.6676,3.6894,3.7109,3.7322,3.7532,3.7739,3.7943,3.8144,3.8343,3.8538,3.8732,3.8922,3.9111,3.9297,3.9481,3.9664,3.9844,4.0024,4.0202,4.038,4.0558,4.0735,4.0913,4.1092,4.1272,4.1453,4.1637,4.1824,4.2014,4.2207,4.2405,4.2607,4.2815,4.3029,4.3248,4.3475,4.3709,4.395,4.4199,4.4457,4.4723
0.2,1.8188,1.8488,1.8792,1.9097,1.9405,1.9716,2.0029,2.0344,2.0662,2.0982,2.1305,2.163,2.1957,2.2287,2.2619,2.2953,2.329,2.3591,2.384,2.409,2.4341,2.4593,2.4846,2.51,2.5354,2.5609,2.5865,2.6122,2.6379,2.6637,2.6896,2.7155,2.7415,2.7675,2.7935,2.8196,2.8457,2.8718,2.8979,2.924,2.9502,2.9763,3.0024,3.0285,3.0545,3.0806,3.1065,3.1324,3.1583,3.184,3.2097,3.2353,3.2608,3.2862,3.3114,3.3365,3.3614,3.3862,3.4109,3.4353,3.4595,3.4836,3.5074,3.531,3.5544,3.5776,3.6005,3.6231,3.6455,3.6676,3.6894,3.7109,3.7322,3.7532,3.7739,3.7943,3.8144,3.8343,3.8538,3.8732,3.8922,3.9111,3.9297,3.9481,3.9664,3.9844,4.0024,4.0202,4.038,4.0558,4.0735,4.0913,4.1092,4.1272,4.1453,4.1637,4.1824,4.2014,4.2207,4.2405,4.2607,4.2815,4.3029,4.3248,4.3475,4.3709,4.395,4.4199,4.4457,4.4723
0.214,1.8103,1.8403,1.8704,1.9009,1.9315,1.9624,1.9936,2.025,2.0566,2.0885,2.1206,2.1529,2.1855,2.2183,2.2514,2.2847,2.3182,2.3519,2.384,2.409,2.4341,2.4593,2.4846,2.51,2.5354,2.5609,2.5865,2.6122,2.6379,2.6637,2.6896,2.7155,2.7415,2.7675,2.7935,2.8196,2.8457,2.8718,2.8979,2.924,2.9502,2.9763,3.0024,3.0285,3.0545,3.0806,3.1065,3.1324,3.1583,3.184,3.2097,3.2353,3.2608,3.2862,3.3114,3.3365,3.3614,3.3862,3.4109,3.4353,3.4595,3.4836,3.5074,3.531,3.5544,3.5776,3.6005,3.6231,3.6455,3.6676,3.6894,3.7109,3.7322,3.7532,3.7739,3.7943,3.8144,3.8343,3.8538,3.8732,3.8922,3.9111,3.9297,3.9481,3.9664,3.9844,4.0024,4.0202,4.038,4.0558,4.0735,4.0913,4.1092,4.1272,4.1453,4.1637,4.1824,4.2014,4.2207,4.2405,4.2607,4.2815,4.3029,4.3248,4.3475,4.3709,4.395,4.4199,4.4457,4.4723
0.229,1.802,1.8318,1.8619,1.8922,1.9227,1.9535,1.9845,2.0157,2.0472,2.0789,2.1109,2.1431,2.1755,2.2082,2.2411,2.2742,2.3075,2.3411,2.375,2.409,2.4341,2.4593,2.4846,2.51,2.5354,2.5609,2.5865,2.6122,2.6379,2.6637,2.6896,2.7155,2.7415,2.7675,2.7935,2.8196,2.8457,2.8718,2.8979,2.924,2.9502,2.9763,3.0024,3.0285,3.0545,3.0806,3.1065,3.1324,3.1583,3.184,3.2097,3.2353,3.2608,3.2862,3.3114,3.3365,3.3614,3.3862,3.4109,3.4353,3.4595,3.4836,3.5074,3.531,3.5544,3.5776,3.6005,3.6231,3.6455,3.6676,3.6894,3.7109,3.7322,3.7532,3.7739,3.7943,3.8144,3.8343,3.8538,3.8732,3.8922,3.9111,3.9297,3.9481,3.9664,3.9844,4.0024,4.0202,4.038,4.0558,4.0735,4.0913,4.1092,4.1272,4.1453,4.1637,4.1824,4.2014,4.2207,4.2405,4.2607,4.2815,4.3029,4.3248,4.3475,4.3709,4.395,4.4199,4.4457,4.4723
0.245,1.7939,1.8236,1.8535,1.8836,1.914,1.9446,1.9755,2.0066,2.0379,2.0695,2.1013,2.1334,2.1657,2.1982,2.2309,2.2639,2.2971,2.3306,2.3642,2.3981,2.4322,2.4593,2.4846,2.51,2.5354,2.5609,2.5865,2.6122,2.6379,2.6637,2.6896,2.7155,2.7415,2.7675,2.7935,2.8196,2.8457,2.8718,2.8979,2.924,2.9502,2.9763,3.0024,3.0285,3.0545,3.0806,3.1065,3.1324,3.1583,3.184,3.2097,3.2353,3.2608,3.2862,3.3114,3.3365,3.3614,3.3862,3.4109,3.4353,3.4595,3.4836,3.5074,3.531,3.5544,3.5776,3.6005,3.6231,3.6455,3.6676,3.6894,3.7109,3.7322,3.7532,3.7739,3.7943,3.8144,3.8343,3.8538,3.8732,3.8922,3.9111,3.9297,3.9481,3.9664,3.9844,4.0024,4.0202,4.038,4.0558,4.0735,4.0913,4.1092,4.1272,4.1453,4.1637,4.1824,4.2014,4.2207,4.2405,4.2607,4.2815,4.3029,4.3248,4.3475,4.3709,4.395,4.4199,4.4457,4.4723
0.263,1.7859,1.8154,1.8452,1.8752,1.9055,1.936,1.9667,1.9977,2.0289,2.0603,2.092,2.1239,2.156,2.1884,2.221,2.2538,2.2869,2.3202,2.3537,2.3874,2.4214,2.4556,2.4846,2.51,2.5354,2.5609,2.5865,2.6122,2.6379,2.6637,2.6896,2.7155,2.7415,2.7675,2.7935,2.8196,2.8457,2.8718,2.8979,2.924,2.9502,2.9763,3.0024,3.0285,3.0545,3.0806,3.1065,3.1324,3.1583,3.184,3.2097,3.2353,3.2608,3.2862,3.3114,3.3365,3.3614,3.3862,3.4109,3.4353,3.4595,3.4836,3.5074,3.531,3.5544,3.5776,3.6005,3.6231,3.6455,3.6676,3.6894,3.7109,3.7322,3.7532,3.7739,3.7943,3.8144,3.8343,3.8538,3.8732,3.8922,3.9111,3.9297,3.9481,3.9664,3.9844,4.0024,4.0202,4.038,4.0558,4.0735,4.0913,4.1092,4.1272,4.1453,4.1637,4.1824,4.2014,4.2207,4.2405,4.2607,4.2815,4.3029,4.3248,4.3475,4.3709,4.395,4.4199,4.4457,4.4723
0.282,1.778,1.8074,1.8371,1.867,1.8971,1.9274,1.958,1.9889,2.0199,2.0512,2.0828,2.1145,2.1465,2.1788,2.2112,2.2439,2.2768,2.31,2.3433,2.3769,2.4107,2.4448,2.479,2.51,2.5354,2.5609,2.5865,2.6122,2.6379,2.6637,2.6896,2.7155,2.7415,2.7675,2.7935,2.8196,2.8457,2.8718,2.8979,2.924,2.9502,2.9763,3.0024,3.0285,3.0545,3.0806,3.1065,3.1324,3.1583,3.184,3.2097,3.2353,3.2608,3.2862,3.3114,3.3365,3.3614,3.3862,3.4109,3.4353,3.4595,3.4836,3.5074,3.531,3.5544,3.5776,3.6005,3.6231,3.6455,3.6676,3.6894,3.7109,3.7322,3.7532,3.7739,3.7943,3.8144,3.8343,3.8538,3.8732,3.8922,3.9111,3.9297,3.9481,3.9664,3.9844,4.0024,4.0202,4.038,4.0558,4.0735,4.0913,4.1092,4.1272,4.1453,4.1637,4.1824,4.2014,4.2207,4.2405,4.2607,4.2815,4.3029,4.3248,4.3475,4.3709,4.395,4.4199,4.4457,4.4723
0.302,1.7703,1.7996,1.8291,1.8589,1.8889,1.9191,1.9495,1.9802,2.0112,2.0423,2.0737,2.1054,2.1372,2.1693,2.2016,2.2342,2.2669,2.2999,2.3332,2.3666,2.4003,2.4341,2.4682,2.5026,2.5354,2.5609,2.5865,2.6122,2.6379,2.6637,2.6896,2.7155,2.7415,2.7675,2.7935,2.8196,2.8457,2.8718,2.8979,2.924,2.9502,2.9763,3.0024,3.0285,3.0545,3.0806,3.1065,3.1324,3.1583,3.184,3.2097,3.2353,3.2608,3.2862,3.3114,3.3365,3.3614,3.3862,3.4109,3.4353,3.4595,3.4836,3.5074,3.531,3.5544,3.5776,3.6005,3.6231,3.6455,3.6676,3.6894,3.7109,3.7322,3.7532,3.7739,3.7943,3.8144,3.8343,3.8538,3.8732,3.8922,3.9111,3.9297,3.9481,3.9664,3.9844,4.0024,4.0202,4.038,4.0558,4.0735,4.0913,4.1092,4.1272,4.1453,4.1637,4.1824,4.2014,4.2207,4.2405,4.2607,4.2815,4.3029,4.3248,4.3475,4.3709,4.395,4.4199,4.4457,4.4723
0.324,1.7627,1.7919,1.8213,1.8509,1.8808,1.9109,1.9412,1.9718,2.0026,2.0336,2.0648,2.0963,2.1281,2.16,2.1922,2.2246,2.2572,2.2901,2.3232,2.3565,2.39,2.4237,2.4577,2.4918,2.5262,2.5608,2.5865,2.6122,2.6379,2.6637,2.6896,2.7155,2.7415,2.7675,2.7935,2.8196,2.8457,2.8718,2.8979,2.924,2.9502,2.9763,3.0024,3.0285,3.0545,3.0806,3.1065,3.1324,3.1583,3.184,3.2097,3.2353,3.2608,3.2862,3.3114,3.3365,3.3614,3.3862,3.4109,3.4353,3.4595,3.4836,3.5074,3.531,3.5544,3.5776,3.6005,3.6231,3.6455,3.6676,3.6894,3.7109,3.7322,3.7532,3.7739,3.7943,3.8144,3.8343,3.8538,3.8732,3.8922,3.9111,3.9297,3.9481,3.9664,3.9844,4.0024,4.0202,4.038,4.0558,4.0735,4.0913,4.1092,4.1272,4.1453,4.1637,4.1824,4.2014,4.2207,4.2405,4.2607,4.2815,4.3029,4.3248,4.3475,4.3709,4.395,4.4199,4.4457,4.4723
0.347,1.7553,1.7843,1.8136,1.8431,1.8728,1.9028,1.933,1.9634,1.9941,2.025,2.0561,2.0875,2.1191,2.1509,2.1829,2.2152,2.2477,2.2804,2.3133,2.3465,2.3799,2.4135,2.4473,2.4813,2.5155,2.55,2.5846,2.6122,2.6379,2.6637,2.6896,2.7155,2.7415,2.7675,2.7935,2.8196,2.8457,2.8718,2.8979,2.924,2.9502,2.9763,3.0024,3.0285,3.0545,3.0806,3.1065,3.1324,3.1583,3.184,3.2097,3.2353,3.2608,3.2862,3.3114,3.3365,3.3614,3.3862,3.4109,3.4353,3.4595,3.4836,3.5074,3.531,3.5544,3.5776,3.6005,3.6231,3.6455,3.6676,3.6894,3.7109,3.7322,3.7532,3.7739,3.7943,3.8144,3.8343,3.8538,3.8732,3.8922,3.9111,3.9297,3.9481,3.9664,3.9844,4.0024,4.0202,4.038,4.0558,4.0735,4.0913,4.1092,4.1272,4.1453,4.1637,4.1824,4.2014,4.2207,4.2405,4.2607,4.2815,4.3029,4.3248,4.3475,4.3709,4.395,4.4199,4.4457,4.4723
0.372,1.748,1.7769,1.806,1.8354,1.865,1.8948,1.9249,1.9552,1.9858,2.0165,2.0475,2.0788,2.1102,2.1419,2.1738,2.2059,2.2383,2.2709,2.3037,2.3367,2.3699,2.4034,2.4371,2.4709,2.505,2.5393,2.5738,2.6085,2.6379,2.6637,2.6896,2.7155,2.7415,2.7675,2.7935,2.8196,2.8457,2.8718,2.8979,2.924,2.9502,2.9763,3.0024,3.0285,3.0545,3.0806,3.1065,3.1324,3.1583,3.184,3.2097,3.2353,3.2608,3.2862,3.3114,3.3365,3.3614,3.3862,3.4109,3.4353,3.4595,3.4836,3.5074,3.531,3.5544,3.5776,3.6005,3.6231,3.6455,3.6676,3.6894,3.7109,3.7322,3.7532,3.7739,3.7943,3.8144,3.8343,3.8538,3.8732,3.8922,3.9111,3.9297,3.9481,3.9664,3.9844,4.0024,4.0202,4.038,4.0558,4.0735,4.0913,4.1092,4.1272,4.1453,4.1637,4.1824,4.2014,4.2207,4.2405,4.2607,4.2815,4.3029,4.3248,4.3475,4.3709,4.395,4.4199,4.4457,4.4723
0.398,1.7408,1.7695,1.7986,1.8278,1.8573,1.887,1.917,1.9472,1.9776,2.0082,2.0391,2.0702,2.1015,2.1331,2.1649,2.1969,2.2291,2.2615,2.2942,2.3271,2.3602,2.3935,2.427,2.4608,2.4947,2.5289,2.5632,2.5978,2.6326,2.6637,2.6896,2.7155,2.7415,2.7675,2.7935,2.8196,2.8457,2.8718,2.8979,2.924,2.9502,2.9763,3.0024,3.0285,3.0545,3.0806,3.1065,3.1324,3.1583,3.184,3.2097,3.2353,3.2608,3.2862,3.3114,3.3365,3.3614,3.3862,3.4109,3.4353,3.4595,3.4836,3.5074,3.531,3.5544,3.5776,3.6005,3.6231,3.6455,3.6676,3.6894,3.7109,3.7322,3.7532,3.7739,3.7943,3.8144,3.8343,3.8538,3.8732,3.8922,3.9111,3.9297,3.9481,3.9664,3.9844,4.0024,4.0202,4.038,4.0558,4.0735,4.0913,4.1092,4.1272,4.1453,4.1637,4.1824,4.2014,4.2207,4.2405,4.2607,4.2815,4.3029,4.3248,4.3475,4.3709,4.395,4.4199,4.4457,4.4723
0.427,1.7337,1.7624,1.7913,1.8204,1.8498,1.8794,1.9092,1.9393,1.9695,2.0001,2.0308,2.0618,2.093,2.1244,2.1561,2.1879,2.22,2.2523,2.2849,2.3176,2.3506,2.3838,2.4172,2.4508,2.4846,2.5186,2.5528,2.5872,2.6219,2.6567,2.6896,2.7155,2.7415,2.7675,2.7935,2.8196,2.8457,2.8718,2.8979,2.924,2.9502,2.9763,3.0024,3.0285,3.0545,3.0806,3.1065,3.1324,3.1583,3.184,3.2097,3.2353,3.2608,3.2862,3.3114,3.3365,3.3614,3.3862,3.4109,3.4353,3.4595,3.4836,3.5074,3.531,3.5544,3.5776,3.6005,3.6231,3.6455,3.6676,3.6894,3.7109,3.7322,3.7532,3.7739,3.7943,3.8144,3.8343,3.8538,3.8732,3.8922,3.9111,3.9297,3.9481,3.9664,3.9844,4.0024,4.0202,4.038,4.0558,4.0735,4.0913,4.1092,4.1272,4.1453,4.1637,4.1824,4.2014,4.2207,4.2405,4.2607,4.2815,4.3029,4.3248,4.3475,4.3709,4.395,4.4199,4.4457,4.4723
0.457,1.7267,1.7553,1.7841,1.8131,1.8423,1.8718,1.9015,1.9315,1.9616,1.992,2.0227,2.0535,2.0846,2.1159,2.1474,2.1792,2.2111,2.2433,2.2757,2.3083,2.3412,2.3742,2.4075,2.4409,2.4746,2.5085,2.5426,2.5769,2.6113,2.646,2.6809,2.7155,2.7415,2.7675,2.7935,2.8196,2.8457,2.8718,2.8979,2.924,2.9502,2.9763,3.0024,3.0285,3.0545,3.0806,3.1065,3.1324,3.1583,3.184,3.2097,3.2353,3.2608,3.2862,3.3114,3.3365,3.3614,3.3862,3.4109,3.4353,3.4595,3.4836,3.5074,3.531,3.5544,3.5776,3.6005,3.6231,3.6455,3.6676,3.6894,3.7109,3.7322,3.7532,3.7739,3.7943,3.8144,3.8343,3.8538,3.8732,3.8922,3.9111,3.9297,3.9481,3.9664,3.9844,4.0024,4.0202,4.038,4.0558,4.0735,4.0913,4.1092,4.1272,4.1453,4.1637,4.1824,4.2014,4.2207,4.2405,4.2607,4.2815,4.3029,4.3248,4.3475,4.3709,4.395,4.4199,4.4457,4.4723
0.49,1.7199,1.7483,1.777,1.8059,1.835,1.8644,1.894,1.9238,1.9539,1.9841,2.0147,2.0454,2.0763,2.1075,2.1389,2.1705,2.2024,2.2344,2.2667,2.2992,2.3319,2.3648,2.3979,2.4313,2.4648,2.4985,2.5325,2.5666,2.601,2.6355,2.6702,2.7052,2.7403,2.7675,2.7935,2.8196,2.8457,2.8718,2.8979,2.924,2.9502,2.9763,3.0024,3.0285,3.0545,3.0806,3.1065,3.1324,3.1583,3.184,3.2097,3.2353,3.2608,3.2862,3.3114,3.3365,3.3614,3.3862,3.4109,3.4353,3.4595,3.4836,3.5074,3.531,3.5544,3.5776,3.6005,3.6231,3.6455,3.6676,3.6894,3.7109,3.7322,3.7532,3.7739,3.7943,3.8144,3.8343,3.8538,3.8732,3.8922,3.9111,3.9297,3.9481,3.9664,3.9844,4.0024,4.0202,4.038,4.0558,4.0735,4.0913,4.1092,4.1272,4.1453,4.1637,4.1824,4.2014,4.2207,4.2405,4.2607,4.2815,4.3029,4.3248,4.3475,4.3709,4.395,4.4199,4.4457,4.4723
0.525,1.7132,1.7415,1.7701,1.7988,1.8279,1.8571,1.8866,1.9163,1.9462,1.9764,2.0068,2.0374,2.0682,2.0993,2.1305,2.162,2.1937,2.2257,2.2578,2.2902,2.3228,2.3555,2.3885,2.4218,2.4552,2.4888,2.5226,2.5566,2.5908,2.6252,2.6598,2.6946,2.7295,2.7647,2.7935,2.8196,2.8457,2.8718,2.8979,2.924,2.9502,2.9763,3.0024,3.0285,3.0545,3.0806,3.1065,3.1324,3.1583,3.184,3.2097,3.2353,3.2608,3.2862,3.3114,3.3365,3.3614,3.3862,3.4109,3.4353,3.4595,3.4836,3.5074,3.531,3.5544,3.5776,3.6005,3.6231,3.6455,3.6676,3.6894,3.7109,3.7322,3.7532,3.7739,3.7943,3.8144,3.8343,3.8538,3.8732,3.8922,3.9111,3.9297,3.9481,3.9664,3.9844,4.0024,4.0202,4.038,4.0558,4.0735,4.0913,4.1092,4.1272,4.1453,4.1637,4.1824,4.2014,4.2207,4.2405,4.2607,4.2815,4.3029,4.3248,4.3475,4.3709,4.395,4.4199,4.4457,4.4723
0.562,1.7065,1.7348,1.7632,1.7919,1.8208,1.8499,1.8793,1.9089,1.9387,1.9688,1.999,2.0295,2.0602,2.0912,2.1223,2.1537,2.1853,2.2171,2.2491,2.2813,2.3138,2.3465,2.3793,2.4124,2.4457,2.4792,2.5128,2.5467,2.5808,2.6151,2.6495,2.6842,2.719,2.754,2.7892,2.8196,2.8457,2.8718,2.8979,2.924,2.9502,2.9763,3.0024,3.0285,3.0545,3.0806,3.1065,3.1324,3.1583,3.184,3.2097,3.2353,3.2608,3.2862,3.3114,3.3365,3.3614,3.3862,3.4109,3.4353,3.4595,3.4836,3.5074,3.531,3.5544,3.5776,3.6005,3.6231,3.6455,3.6676,3.6894,3.7109,3.7322,3.7532,3.7739,3.7943,3.8144,3.8343,3.8538,3.8732,3.8922,3.9111,3.9297,3.9481,3.9664,3.9844,4.0024,4.0202,4.038,4.0558,4.0735,4.0913,4.1092,4.1272,4.1453,4.1637,4.1824,4.2014,4.2207,4.2405,4.2607,4.2815,4.3029,4.3248,4.3475,4.3709,4.395,4.4199,4.4457,4.4723
0.603,1.7,1.7281,1.7565,1.7851,1.8139,1.8429,1.8721,1.9016,1.9313,1.9613,1.9914,2.0218,2.0524,2.0832,2.1142,2.1455,2.1769,2.2086,2.2405,2.2726,2.305,2.3375,2.3702,2.4032,2.4364,2.4697,2.5033,2.537,2.571,2.6051,2.6394,2.6739,2.7086,2.7435,2.7785,2.8138,2.8457,2.8718,2.8979,2.924,2.9502,2.9763,3.0024,3.0285,3.0545,3.0806,3.1065,3.1324,3.1583,3.184,3.2097,3.2353,3.2608,3.2862,3.3114,3.3365,3.3614,3.3862,3.4109,3.4353,3.4595,3.4836,3.5074,3.531,3.5544,3.5776,3.6005,3.6231,3.6455,3.6676,3.6894,3.7109,3.7322,3.7532,3.7739,3.7943,3.8144,3.8343,3.8538,3.8732,3.8922,3.9111,3.9297,3.9481,3.9664,3.9844,4.0024,4.0202,4.038,4.0558,4.0735,4.0913,4.1092,4.1272,4.1453,4.1637,4.1824,4.2014,4.2207,4.2405,4.2607,4.2815,4.3029,4.3248,4.3475,4.3709,4.395,4.4199,4.4457,4.4723
0.646,1.6936,1.7216,1.7499,1.7783,1.807,1.836,1.8651,1.8945,1.9241,1.9539,1.9839,2.0142,2.0446,2.0753,2.1063,2.1374,2.1687,2.2003,2.2321,2.2641,2.2963,2.3287,2.3613,2.3942,2.4272,2.4604,2.4938,2.5275,2.5613,2.5953,2.6295,2.6639,2.6984,2.7332,2.7681,2.8032,2.8384,2.8718,2.8979,2.924,2.9502,2.9763,3.0024,3.0285,3.0545,3.0806,3.1065,3.1324,3.1583,3.184,3.2097,3.2353,3.2608,3.2862,3.3114,3.3365,3.3614,3.3862,3.4109,3.4353,3.4595,3.4836,3.5074,3.531,3.5544,3.5776,3.6005,3.6231,3.6455,3.6676,3.6894,3.7109,3.7322,3.7532,3.7739,3.7943,3.8144,3.8343,3.8538,3.8732,3.8922,3.9111,3.9297,3.9481,3.9664,3.9844,4.0024,4.0202,4.038,4.0558,4.0735,4.0913,4.1092,4.1272,4.1453,4.1637,4.1824,4.2014,4.2207,4.2405,4.2607,4.2815,4.3029,4.3248,4.3475,4.3709,4.395,4.4199,4.4457,4.4723
0.692,1.6873,1.7152,1.7434,1.7717,1.8003,1.8291,1.8582,1.8874,1.9169,1.9466,1.9765,2.0067,2.037,2.0676,2.0984,2.1294,2.1607,2.1921,2.2238,2.2557,2.2878,2.32,2.3525,2.3853,2.4182,2.4513,2.4846,2.5181,2.5518,2.5856,2.6197,2.654,2.6884,2.723,2.7578,2.7927,2.8279,2.8631,2.8979,2.924,2.9502,2.9763,3.0024,3.0285,3.0545,3.0806,3.1065,3.1324,3.1583,3.184,3.2097,3.2353,3.2608,3.2862,3.3114,3.3365,3.3614,3.3862,3.4109,3.4353,3.4595,3.4836,3.5074,3.531,3.5544,3.5776,3.6005,3.6231,3.6455,3.6676,3.6894,3.7109,3.7322,3.7532,3.7739,3.7943,3.8144,3.8343,3.8538,3.8732,3.8922,3.9111,3.9297,3.9481,3.9664,3.9844,4.0024,4.0202,4.038,4.0558,4.0735,4.0913,4.1092,4.1272,4.1453,4.1637,4.1824,4.2014,4.2207,4.2405,4.2607,4.2815,4.3029,4.3248,4.3475,4.3709,4.395,4.4199,4.4457,4.4723
0.741,1.6811,1.7089,1.737,1.7652,1.7937,1.8224,1.8513,1.8805,1.9099,1.9395,1.9693,1.9993,2.0296,2.06,2.0907,2.1216,2.1527,2.1841,2.2156,2.2474,2.2794,2.3115,2.3439,2.3765,2.4093,2.4423,2.4755,2.5088,2.5424,2.5762,2.6101,2.6442,2.6785,2.713,2.7477,2.7825,2.8175,2.8526,2.8879,2.9233,2.9502,2.9763,3.0024,3.0285,3.0545,3.0806,3.1065,3.1324,3.1583,3.184,3.2097,3.2353,3.2608,3.2862,3.3114,3.3365,3.3614,3.3862,3.4109,3.4353,3.4595,3.4836,3.5074,3.531,3.5544,3.5776,3.6005,3.6231,3.6455,3.6676,3.6894,3.7109,3.7322,3.7532,3.7739,3.7943,3.8144,3.8343,3.8538,3.8732,3.8922,3.9111,3.9297,3.9481,3.9664,3.9844,4.0024,4.0202,4.038,4.0558,4.0735,4.0913,4.1092,4.1272,4.1453,4.1637,4.1824,4.2014,4.2207,4.2405,4.2607,4.2815,4.3029,4.3248,4.3475,4.3709,4.395,4.4199,4.4457,4.4723
0.794,1.675,1.7027,1.7307,1.7588,1.7872,1.8158,1.8446,1.8737,1.9029,1.9324,1.9621,1.9921,2.0222,2.0526,2.0831,2.1139,2.1449,2.1762,2.2076,2.2392,2.2711,2.3031,2.3354,2.3679,2.4005,2.4334,2.4665,2.4997,2.5332,2.5668,2.6006,2.6346,2.6688,2.7032,2.7377,2.7724,2.8073,2.8423,2.8774,2.9128,2.9482,2.9763,3.0024,3.0285,3.0545,3.0806,3.1065,3.1324,3.1583,3.184,3.2097,3.2353,3.2608,3.2862,3.3114,3.3365,3.3614,3.3862,3.4109,3.4353,3.4595,3.4836,3.5074,3.531,3.5544,3.5776,3.6005,3.6231,3.6455,3.6676,3.6894,3.7109,3.7322,3.7532,3.7739,3.7943,3.8144,3.8343,3.8538,3.8732,3.8922,3.9111,3.9297,3.9481,3.9664,3.9844,4.0024,4.0202,4.038,4.0558,4.0735,4.0913,4.1092,4.1272,4.1453,4.1637,4.1824,4.2014,4.2207,4.2405,4.2607,4.2815,4.3029,4.3248,4.3475,4.3709,4.395,4.4199,4.4457,4.4723
0.851,1.669,1.6967,1.7245,1.7525,1.7808,1.8093,1.838,1.867,1.8961,1.9255,1.9551,1.9849,2.015,2.0452,2.0757,2.1064,2.1373,2.1684,2.1997,2.2312,2.263,2.2949,2.327,2.3594,2.3919,2.4247,2.4576,2.4908,2.5241,2.5576,2.5913,2.6252,2.6593,2.6935,2.7279,2.7625,2.7972,2.8321,2.8671,2.9023,2.9376,2.9731,3.0024,3.0285,3.0545,3.0806,3.1065,3.1324,3.1583,3.184,3.2097,3.2353,3.2608,3.2862,3.3114,3.3365,3.3614,3.3862,3.4109,3.4353,3.4595,3.4836,3.5074,3.531,3.5544,3.5776,3.6005,3.6231,3.6455,3.6676,3.6894,3.7109,3.7322,3.7532,3.7739,3.7943,3.8144,3.8343,3.8538,3.8732,3.8922,3.9111,3.9297,3.9481,3.9664,3.9844,4.0024,4.0202,4.038,4.0558,4.0735,4.0913,4.1092,4.1272,4.1453,4.1637,4.1824,4.2014,4.2207,4.2405,4.2607,4.2815,4.3029,4.3248,4.3475,4.3709,4.395,4.4199,4.4457,4.4723
0.912,1.6631,1.6907,1.7184,1.7463,1.7745,1.8029,1.8315,1.8604,1.8894,1.9187,1.9482,1.9779,2.0078,2.038,2.0683,2.0989,2.1297,2.1607,2.1919,2.2233,2.255,2.2868,2.3188,2.3511,2.3835,2.4161,2.4489,2.482,2.5152,2.5486,2.5822,2.6159,2.6499,2.684,2.7183,2.7527,2.7873,2.8221,2.857,2.8921,2.9273,2.9626,2.9981,3.0285,3.0545,3.0806,3.1065,3.1324,3.1583,3.184,3.2097,3.2353,3.2608,3.2862,3.3114,3.3365,3.3614,3.3862,3.4109,3.4353,3.4595,3.4836,3.5074,3.531,3.5544,3.5776,3.6005,3.6231,3.6455,3.6676,3.6894,3.7109,3.7322,3.7532,3.7739,3.7943,3.8144,3.8343,3.8538,3.8732,3.8922,3.9111,3.9297,3.9481,3.9664,3.9844,4.0024,4.0202,4.038,4.0558,4.0735,4.0913,4.1092,4.1272,4.1453,4.1637,4.1824,4.2014,4.2207,4.2405,4.2607,4.2815,4.3029,4.3248,4.3475,4.3709,4.395,4.4199,4.4457,4.4723
0.977,1.6573,1.6847,1.7124,1.7402,1.7683,1.7966,1.8251,1.8539,1.8828,1.912,1.9414,1.971,2.0008,2.0309,2.0611,2.0916,2.1223,2.1532,2.1843,2.2156,2.2471,2.2788,2.3107,2.3428,2.3752,2.4077,2.4404,2.4733,2.5064,2.5397,2.5731,2.6068,2.6406,2.6746,2.7088,2.7431,2.7776,2.8122,2.847,2.8819,2.917,2.9522,2.9876,3.023,3.0545,3.0806,3.1065,3.1324,3.1583,3.184,3.2097,3.2353,3.2608,3.2862,3.3114,3.3365,3.3614,3.3862,3.4109,3.4353,3.4595,3.4836,3.5074,3.531,3.5544,3.5776,3.6005,3.6231,3.6455,3.6676,3.6894,3.7109,3.7322,3.7532,3.7739,3.7943,3.8144,3.8343,3.8538,3.8732,3.8922,3.9111,3.9297,3.9481,3.9664,3.9844,4.0024,4.0202,4.038,4.0558,4.0735,4.0913,4.1092,4.1272,4.1453,4.1637,4.1824,4.2014,4.2207,4.2405,4.2607,4.2815,4.3029,4.3248,4.3475,4.3709,4.395,4.4199,4.4457,4.4723
1.047,1.6516,1.6789,1.7065,1.7342,1.7622,1.7904,1.8188,1.8475,1.8763,1.9054,1.9347,1.9642,1.9939,2.0238,2.054,2.0844,2.1149,2.1457,2.1767,2.2079,2.2393,2.2709,2.3027,2.3348,2.367,2.3994,2.432,2.4648,2.4977,2.5309,2.5643,2.5978,2.6315,2.6654,2.6994,2.7336,2.768,2.8025,2.8372,2.872,2.907,2.9421,2.9773,3.0126,3.0481,3.0806,3.1065,3.1324,3.1583,3.184,3.2097,3.2353,3.2608,3.2862,3.3114,3.3365,3.3614,3.3862,3.4109,3.4353,3.4595,3.4836,3.5074,3.531,3.5544,3.5776,3.6005,3.6231,3.6455,3.6676,3.6894,3.7109,3.7322,3.7532,3.7739,3.7943,3.8144,3.8343,3.8538,3.8732,3.8922,3.9111,3.9297,3.9481,3.9664,3.9844,4.0024,4.0202,4.038,4.0558,4.0735,4.0913,4.1092,4.1272,4.1453,4.1637,4.1824,4.2014,4.2207,4.2405,4.2607,4.2815,4.3029,4.3248,4.3475,4.3709,4.395,4.4199,4.4457,4.4723
1.122,1.646,1.6732,1.7006,1.7283,1.7562,1.7843,1.8126,1.8412,1.8699,1.8989,1.9281,1.9575,1.9871,2.0169,2.047,2.0773,2.1077,2.1384,2.1693,2.2004,2.2317,2.2632,2.2949,2.3268,2.3589,2.3912,2.4237,2.4564,2.4892,2.5223,2.5555,2.5889,2.6225,2.6563,2.6902,2.7243,2.7586,2.793,2.8275,2.8622,2.8971,2.932,2.9671,3.0023,3.0377,3.0731,3.1065,3.1324,3.1583,3.184,3.2097,3.2353,3.2608,3.2862,3.3114,3.3365,3.3614,3.3862,3.4109,3.4353,3.4595,3.4836,3.5074,3.531,3.5544,3.5776,3.6005,3.6231,3.6455,3.6676,3.6894,3.7109,3.7322,3.7532,3.7739,3.7943,3.8144,3.8343,3.8538,3.8732,3.8922,3.9111,3.9297,3.9481,3.9664,3.9844,4.0024,4.0202,4.038,4.0558,4.0735,4.0913,4.1092,4.1272,4.1453,4.1637,4.1824,4.2014,4.2207,4.2405,4.2607,4.2815,4.3029,4.3248,4.3475,4.3709,4.395,4.4199,4.4457,4.4723
1.202,1.6404,1.6676,1.6949,1.7225,1.7503,1.7783,1.8065,1.835,1.8636,1.8925,1.9216,1.9509,1.9804,2.0102,2.0401,2.0703,2.1006,2.1312,2.162,2.193,2.2242,2.2556,2.2872,2.319,2.3509,2.3831,2.4155,2.4481,2.4808,2.5138,2.5469,2.5802,2.6137,2.6473,2.6811,2.7151,2.7493,2.7835,2.818,2.8526,2.8873,2.9221,2.9571,2.9922,3.0274,3.0628,3.0982,3.1324,3.1583,3.184,3.2097,3.2353,3.2608,3.2862,3.3114,3.3365,3.3614,3.3862,3.4109,3.4353,3.4595,3.4836,3.5074,3.531,3.5544,3.5776,3.6005,3.6231,3.6455,3.6676,3.6894,3.7109,3.7322,3.7532,3.7739,3.7943,3.8144,3.8343,3.8538,3.8732,3.8922,3.9111,3.9297,3.9481,3.9664,3.9844,4.0024,4.0202,4.038,4.0558,4.0735,4.0913,4.1092,4.1272,4.1453,4.1637,4.1824,4.2014,4.2207,4.2405,4.2607,4.2815,4.3029,4.3248,4.3475,4.3709,4.395,4.4199,4.4457,4.4723
1.288,1.635,1.662,1.6893,1.7168,1.7445,1.7724,1.8005,1.8289,1.8574,1.8862,1.9152,1.9444,1.9738,2.0035,2.0333,2.0634,2.0936,2.1241,2.1548,2.1857,2.2168,2.2481,2.2796,2.3112,2.3431,2.3752,2.4075,2.4399,2.4726,2.5054,2.5384,2.5716,2.605,2.6385,2.6722,2.7061,2.7401,2.7743,2.8086,2.8431,2.8777,2.9124,2.9473,2.9823,3.0174,3.0526,3.0879,3.1233,3.1583,3.184,3.2097,3.2353,3.2608,3.2862,3.3114,3.3365,3.3614,3.3862,3.4109,3.4353,3.4595,3.4836,3.5074,3.531,3.5544,3.5776,3.6005,3.6231,3.6455,3.6676,3.6894,3.7109,3.7322,3.7532,3.7739,3.7943,3.8144,3.8343,3.8538,3.8732,3.8922,3.9111,3.9297,3.9481,3.9664,3.9844,4.0024,4.0202,4.038,4.0558,4.0735,4.0913,4.1092,4.1272,4.1453,4.1637,4.1824,4.2014,4.2207,4.2405,4.2607,4.2815,4.3029,4.3248,4.3475,4.3709,4.395,4.4199,4.4457,4.4723
1.38,1.6296,1.6566,1.6837,1.7111,1.7387,1.7665,1.7946,1.8228,1.8513,1.88,1.9089,1.938,1.9673,1.9969,2.0266,2.0566,2.0868,2.1171,2.1477,2.1785,2.2095,2.2407,2.2721,2.3036,2.3354,2.3674,2.3996,2.4319,2.4645,2.4972,2.5301,2.5632,2.5964,2.6298,2.6634,2.6972,2.7311,2.7652,2.7994,2.8337,2.8682,2.9028,2.9376,2.9725,3.0075,3.0425,3.0777,3.113,3.1484,3.1838,3.2097,3.2353,3.2608,3.2862,3.3114,3.3365,3.3614,3.3862,3.4109,3.4353,3.4595,3.4836,3.5074,3.531,3.5544,3.5776,3.6005,3.6231,3.6455,3.6676,3.6894,3.7109,3.7322,3.7532,3.7739,3.7943,3.8144,3.8343,3.8538,3.8732,3.8922,3.9111,3.9297,3.9481,3.9664,3.9844,4.0024,4.0202,4.038,4.0558,4.0735,4.0913,4.1092,4.1272,4.1453,4.1637,4.1824,4.2014,4.2207,4.2405,4.2607,4.2815,4.3029,4.3248,4.3475,4.3709,4.395,4.4199,4.4457,4.4723
1.479,1.6243,1.6512,1.6783,1.7056,1.7331,1.7608,1.7888,1.8169,1.8453,1.8739,1.9027,1.9317,1.961,1.9904,2.02,2.0499,2.08,2.1102,2.1407,2.1714,2.2023,2.2334,2.2647,2.2962,2.3278,2.3597,2.3918,2.424,2.4565,2.4891,2.5219,2.5548,2.588,2.6213,2.6548,2.6884,2.7222,2.7562,2.7903,2.8245,2.8589,2.8934,2.9281,2.9628,2.9977,3.0327,3.0677,3.1029,3.1381,3.1734,3.2088,3.2353,3.2608,3.2862,3.3114,3.3365,3.3614,3.3862,3.4109,3.4353,3.4595,3.4836,3.5074,3.531,3.5544,3.5776,3.6005,3.6231,3.6455,3.6676,3.6894,3.7109,3.7322,3.7532,3.7739,3.7943,3.8144,3.8343,3.8538,3.8732,3.8922,3.9111,3.9297,3.9481,3.9664,3.9844,4.0024,4.0202,4.038,4.0558,4.0735,4.0913,4.1092,4.1272,4.1453,4.1637,4.1824,4.2014,4.2207,4.2405,4.2607,4.2815,4.3029,4.3248,4.3475,4.3709,4.395,4.4199,4.4457,4.4723
1.585,1.6191,1.6459,1.6729,1.7001,1.7275,1.7552,1.783,1.8111,1.8394,1.8679,1.8966,1.9255,1.9547,1.984,2.0136,2.0433,2.0733,2.1035,2.1339,2.1644,2.1952,2.2262,2.2574,2.2888,2.3204,2.3521,2.3841,2.4162,2.4486,2.4811,2.5138,2.5466,2.5797,2.6129,2.6463,2.6798,2.7135,2.7473,2.7813,2.8155,2.8497,2.8841,2.9187,2.9533,2.9881,3.0229,3.0579,3.0929,3.1281,3.1633,3.1985,3.2339,3.2608,3.2862,3.3114,3.3365,3.3614,3.3862,3.4109,3.4353,3.4595,3.4836,3.5074,3.531,3.5544,3.5776,3.6005,3.6231,3.6455,3.6676,3.6894,3.7109,3.7322,3.7532,3.7739,3.7943,3.8144,3.8343,3.8538,3.8732,3.8922,3.9111,3.9297,3.9481,3.9664,3.9844,4.0024,4.0202,4.038,4.0558,4.0735,4.0913,4.1092,4.1272,4.1453,4.1637,4.1824,4.2014,4.2207,4.2405,4.2607,4.2815,4.3029,4.3248,4.3475,4.3709,4.395,4.4199,4.4457,4.4723
1.698,1.614,1.6407,1.6676,1.6947,1.722,1.7496,1.7774,1.8053,1.8335,1.862,1.8906,1.9194,1.9485,1.9777,2.0072,2.0368,2.0667,2.0968,2.1271,2.1576,2.1883,2.2192,2.2502,2.2815,2.313,2.3447,2.3765,2.4086,2.4408,2.4732,2.5058,2.5386,2.5715,2.6046,2.6379,2.6713,2.7049,2.7386,2.7725,2.8065,2.8407,2.875,2.9094,2.9439,2.9786,3.0133,3.0482,3.0831,3.1181,3.1532,3.1884,3.2236,3.2589,3.2862,3.3114,3.3365,3.3614,3.3862,3.4109,3.4353,3.4595,3.4836,3.5074,3.531,3.5544,3.5776,3.6005,3.6231,3.6455,3.6676,3.6894,3.7109,3.7322,3.7532,3.7739,3.7943,3.8144,3.8343,3.8538,3.8732,3.8922,3.9111,3.9297,3.9481,3.9664,3.9844,4.0024,4.0202,4.038,4.0558,4.0735,4.0913,4.1092,4.1272,4.1453,4.1637,4.1824,4.2014,4.2207,4.2405,4.2607,4.2815,4.3029,4.3248,4.3475,4.3709,4.395,4.4199,4.4457,4.4723
1.82,1.6089,1.6355,1.6623,1.6894,1.7166,1.7441,1.7718,1.7997,1.8278,1.8561,1.8846,1.9134,1.9423,1.9715,2.0009,2.0305,2.0602,2.0902,2.1204,2.1508,2.1814,2.2122,2.2432,2.2744,2.3058,2.3373,2.3691,2.401,2.4331,2.4655,2.4979,2.5306,2.5634,2.5964,2.6296,2.6629,2.6964,2.73,2.7638,2.7977,2.8318,2.866,2.9003,2.9347,2.9692,3.0039,3.0386,3.0735,3.1084,3.1433,3.1784,3.2135,3.2486,3.2838,3.3114,3.3365,3.3614,3.3862,3.4109,3.4353,3.4595,3.4836,3.5074,3.531,3.5544,3.5776,3.6005,3.6231,3.6455,3.6676,3.6894,3.7109,3.7322,3.7532,3.7739,3.7943,3.8144,3.8343,3.8538,3.8732,3.8922,3.9111,3.9297,3.9481,3.9664,3.9844,4.0024,4.0202,4.038,4.0558,4.0735,4.0913,4.1092,4.1272,4.1453,4.1637,4.1824,4.2014,4.2207,4.2405,4.2607,4.2815,4.3029,4.3248,4.3475,4.3709,4.395,4.4199,4.4457,4.4723
1.95,1.6039,1.6304,1.6572,1.6841,1.7113,1.7387,1.7663,1.7941,1.8221,1.8504,1.8788,1.9075,1.9363,1.9654,1.9947,2.0242,2.0539,2.0838,2.1139,2.1442,2.1746,2.2053,2.2362,2.2673,2.2986,2.3301,2.3617,2.3936,2.4256,2.4578,2.4902,2.5228,2.5555,2.5884,2.6215,2.6547,2.688,2.7216,2.7552,2.7891,2.823,2.8571,2.8913,2.9256,2.96,2.9946,3.0292,3.0639,3.0987,3.1336,3.1685,3.2035,3.2386,3.2736,3.3087,3.3365,3.3614,3.3862,3.4109,3.4353,3.4595,3.4836,3.5074,3.531,3.5544,3.5776,3.6005,3.6231,3.6455,3.6676,3.6894,3.7109,3.7322,3.7532,3.7739,3.7943,3.8144,3.8343,3.8538,3.8732,3.8922,3.9111,3.9297,3.9481,3.9664,3.9844,4.0024,4.0202,4.038,4.0558,4.0735,4.0913,4.1092,4.1272,4.1453,4.1637,4.1824,4.2014,4.2207,4.2405,4.2607,4.2815,4.3029,4.3248,4.3475,4.3709,4.395,4.4199,4.4457,4.4723
2.089,1.599,1.6255,1.6521,1.679,1.7061,1.7334,1.7609,1.7886,1.8166,1.8447,1.8731,1.9016,1.9304,1.9594,1.9886,2.018,2.0476,2.0774,2.1074,2.1376,2.168,2.1986,2.2294,2.2604,2.2916,2.3229,2.3545,2.3863,2.4182,2.4503,2.4826,2.515,2.5477,2.5805,2.6134,2.6465,2.6798,2.7132,2.7468,2.7805,2.8144,2.8483,2.8824,2.9167,2.951,2.9854,3.0199,3.0545,3.0892,3.124,3.1588,3.1937,3.2287,3.2636,3.2986,3.3336,3.3614,3.3862,3.4109,3.4353,3.4595,3.4836,3.5074,3.531,3.5544,3.5776,3.6005,3.6231,3.6455,3.6676,3.6894,3.7109,3.7322,3.7532,3.7739,3.7943,3.8144,3.8343,3.8538,3.8732,3.8922,3.9111,3.9297,3.9481,3.9664,3.9844,4.0024,4.0202,4.038,4.0558,4.0735,4.0913,4.1092,4.1272,4.1453,4.1637,4.1824,4.2014,4.2207,4.2405,4.2607,4.2815,4.3029,4.3248,4.3475,4.3709,4.395,4.4199,4.4457,4.4723
2.239,1.5942,1.6205,1.6471,1.6739,1.7009,1.7281,1.7556,1.7832,1.8111,1.8391,1.8674,1.8959,1.9246,1.9535,1.9826,2.0119,2.0414,2.0711,2.101,2.1311,2.1614,2.1919,2.2226,2.2535,2.2846,2.3159,2.3474,2.379,2.4109,2.4429,2.4751,2.5074,2.54,2.5727,2.6055,2.6385,2.6717,2.705,2.7385,2.7721,2.8058,2.8397,2.8737,2.9078,2.942,2.9764,3.0108,3.0453,3.0799,3.1146,3.1493,3.1841,3.2189,3.2537,3.2886,3.3235,3.3584,3.3862,3.4109,3.4353,3.4595,3.4836,3.5074,3.531,3.5544,3.5776,3.6005,3.6231,3.6455,3.6676,3.6894,3.7109,3.7322,3.7532,3.7739,3.7943,3.8144,3.8343,3.8538,3.8732,3.8922,3.9111,3.9297,3.9481,3.9664,3.9844,4.0024,4.0202,4.038,4.0558,4.0735,4.0913,4.1092,4.1272,4.1453,4.1637,4.1824,4.2014,4.2207,4.2405,4.2607,4.2815,4.3029,4.3248,4.3475,4.3709,4.395,4.4199,4.4457,4.4723
2.399,1.5894,1.6157,1.6422,1.6689,1.6958,1.723,1.7503,1.7779,1.8056,1.8336,1.8618,1.8902,1.9188,1.9476,1.9766,2.0058,2.0353,2.0649,2.0947,2.1247,2.155,2.1854,2.216,2.2468,2.2778,2.309,2.3404,2.3719,2.4037,2.4356,2.4677,2.4999,2.5324,2.565,2.5977,2.6306,2.6637,2.6969,2.7303,2.7638,2.7975,2.8312,2.8651,2.8991,2.9332,2.9675,3.0018,3.0362,3.0707,3.1052,3.1399,3.1745,3.2093,3.244,3.2788,3.3136,3.3484,3.3832,3.4109,3.4353,3.4595,3.4836,3.5074,3.531,3.5544,3.5776,3.6005,3.6231,3.6455,3.6676,3.6894,3.7109,3.7322,3.7532,3.7739,3.7943,3.8144,3.8343,3.8538,3.8732,3.8922,3.9111,3.9297,3.9481,3.9664,3.9844,4.0024,4.0202,4.038,4.0558,4.0735,4.0913,4.1092,4.1272,4.1453,4.1637,4.1824,4.2014,4.2207,4.2405,4.2607,4.2815,4.3029,4.3248,4.3475,4.3709,4.395,4.4199,4.4457,4.4723
2.57,1.5847,1.6109,1.6373,1.664,1.6908,1.7179,1.7451,1.7726,1.8003,1.8282,1.8563,1.8846,1.9131,1.9418,1.9708,1.9999,2.0292,2.0588,2.0885,2.1185,2.1486,2.1789,2.2094,2.2402,2.2711,2.3022,2.3334,2.3649,2.3965,2.4284,2.4604,2.4925,2.5249,2.5574,2.59,2.6229,2.6558,2.689,2.7222,2.7556,2.7892,2.8229,2.8566,2.8906,2.9246,2.9587,2.9929,3.0272,3.0616,3.0961,3.1306,3.1651,3.1998,3.2344,3.2691,3.3038,3.3385,3.3732,3.4078,3.4353,3.4595,3.4836,3.5074,3.531,3.5544,3.5776,3.6005,3.6231,3.6455,3.6676,3.6894,3.7109,3.7322,3.7532,3.7739,3.7943,3.8144,3.8343,3.8538,3.8732,3.8922,3.9111,3.9297,3.9481,3.9664,3.9844,4.0024,4.0202,4.038,4.0558,4.0735,4.0913,4.1092,4.1272,4.1453,4.1637,4.1824,4.2014,4.2207,4.2405,4.2607,4.2815,4.3029,4.3248,4.3475,4.3709,4.395,4.4199,4.4457,4.4723
2.754,1.5801,1.6062,1.6325,1.6591,1.6859,1.7128,1.74,1.7674,1.795,1.8228,1.8509,1.8791,1.9075,1.9362,1.965,1.9941,2.0233,2.0528,2.0824,2.1123,2.1423,2.1726,2.203,2.2336,2.2644,2.2954,2.3266,2.358,2.3895,2.4213,2.4532,2.4852,2.5175,2.5499,2.5825,2.6152,2.6481,2.6811,2.7143,2.7476,2.781,2.8146,2.8483,2.8821,2.916,2.95,2.9842,3.0184,3.0526,3.087,3.1214,3.1559,3.1904,3.225,3.2595,3.2941,3.3287,3.3633,3.3979,3.4324,3.4595,3.4836,3.5074,3.531,3.5544,3.5776,3.6005,3.6231,3.6455,3.6676,3.6894,3.7109,3.7322,3.7532,3.7739,3.7943,3.8144,3.8343,3.8538,3.8732,3.8922,3.9111,3.9297,3.9481,3.9664,3.9844,4.0024,4.0202,4.038,4.0558,4.0735,4.0913,4.1092,4.1272,4.1453,4.1637,4.1824,4.2014,4.2207,4.2405,4.2607,4.2815,4.3029,4.3248,4.3475,4.3709,4.395,4.4199,4.4457,4.4723
2.951,1.5755,1.6016,1.6278,1.6543,1.681,1.7079,1.735,1.7623,1.7898,1.8176,1.8455,1.8737,1.902,1.9306,1.9593,1.9883,2.0175,2.0468,2.0764,2.1062,2.1361,2.1663,2.1966,2.2272,2.2579,2.2888,2.3199,2.3512,2.3826,2.4143,2.4461,2.4781,2.5102,2.5425,2.575,2.6076,2.6404,2.6734,2.7064,2.7396,2.773,2.8065,2.8401,2.8738,2.9076,2.9415,2.9755,3.0096,3.0438,3.0781,3.1124,3.1468,3.1812,3.2156,3.2501,3.2846,3.3191,3.3536,3.388,3.4225,3.4569,3.4836,3.5074,3.531,3.5544,3.5776,3.6005,3.6231,3.6455,3.6676,3.6894,3.7109,3.7322,3.7532,3.7739,3.7943,3.8144,3.8343,3.8538,3.8732,3.8922,3.9111,3.9297,3.9481,3.9664,3.9844,4.0024,4.0202,4.038,4.0558,4.0735,4.0913,4.1092,4.1272,4.1453,4.1637,4.1824,4.2014,4.2207,4.2405,4.2607,4.2815,4.3029,4.3248,4.3475,4.3709,4.395,4.4199,4.4457,4.4723
3.162,1.571,1.597,1.6232,1.6496,1.6762,1.703,1.73,1.7573,1.7847,1.8124,1.8402,1.8683,1.8966,1.9251,1.9537,1.9826,2.0117,2.041,2.0705,2.1001,2.13,2.1601,2.1903,2.2208,2.2514,2.2823,2.3133,2.3445,2.3758,2.4074,2.4391,2.471,2.503,2.5353,2.5676,2.6002,2.6329,2.6657,2.6987,2.7318,2.7651,2.7984,2.8319,2.8656,2.8993,2.9331,2.967,3.001,3.0351,3.0693,3.1035,3.1378,3.1721,3.2065,3.2408,3.2752,3.3096,3.344,3.3784,3.4127,3.447,3.4812,3.5074,3.531,3.5544,3.5776,3.6005,3.6231,3.6455,3.6676,3.6894,3.7109,3.7322,3.7532,3.7739,3.7943,3.8144,3.8343,3.8538,3.8732,3.8922,3.9111,3.9297,3.9481,3.9664,3.9844,4.0024,4.0202,4.038,4.0558,4.0735,4.0913,4.1092,4.1272,4.1453,4.1637,4.1824,4.2014,4.2207,4.2405,4.2607,4.2815,4.3029,4.3248,4.3475,4.3709,4.395,4.4199,4.4457,4.4723
3.388,1.5666,1.5925,1.6186,1.6449,1.6715,1.6982,1.7252,1.7523,1.7797,1.8073,1.835,1.863,1.8912,1.9196,1.9482,1.977,2.006,2.0352,2.0646,2.0942,2.124,2.154,2.1842,2.2145,2.2451,2.2758,2.3067,2.3378,2.3691,2.4006,2.4322,2.464,2.496,2.5281,2.5604,2.5928,2.6254,2.6582,2.6911,2.7241,2.7573,2.7905,2.8239,2.8575,2.8911,2.9248,2.9587,2.9926,3.0266,3.0606,3.0947,3.1289,3.1631,3.1974,3.2317,3.266,3.3003,3.3345,3.3688,3.4031,3.4372,3.4714,3.5054,3.531,3.5544,3.5776,3.6005,3.6231,3.6455,3.6676,3.6894,3.7109,3.7322,3.7532,3.7739,3.7943,3.8144,3.8343,3.8538,3.8732,3.8922,3.9111,3.9297,3.9481,3.9664,3.9844,4.0024,4.0202,4.038,4.0558,4.0735,4.0913,4.1092,4.1272,4.1453,4.1637,4.1824,4.2014,4.2207,4.2405,4.2607,4.2815,4.3029,4.3248,4.3475,4.3709,4.395,4.4199,4.4457,4.4723
3.631,1.5622,1.588,1.6141,1.6403,1.6668,1.6935,1.7203,1.7474,1.7747,1.8022,1.8299,1.8578,1.8859,1.9143,1.9428,1.9715,2.0004,2.0295,2.0588,2.0884,2.1181,2.148,2.1781,2.2083,2.2388,2.2694,2.3003,2.3313,2.3625,2.3939,2.4254,2.4571,2.489,2.521,2.5532,2.5856,2.6181,2.6508,2.6836,2.7165,2.7496,2.7827,2.8161,2.8495,2.883,2.9167,2.9504,2.9842,3.0181,3.0521,3.0861,3.1202,3.1543,3.1885,3.2226,3.2568,3.291,3.3252,3.3594,3.3935,3.4276,3.4617,3.4957,3.5295,3.5544,3.5776,3.6005,3.6231,3.6455,3.6676,3.6894,3.7109,3.7322,3.7532,3.7739,3.7943,3.8144,3.8343,3.8538,3.8732,3.8922,3.9111,3.9297,3.9481,3.9664,3.9844,4.0024,4.0202,4.038,4.0558,4.0735,4.0913,4.1092,4.1272,4.1453,4.1637,4.1824,4.2014,4.2207,4.2405,4.2607,4.2815,4.3029,4.3248,4.3475,4.3709,4.395,4.4199,4.4457,4.4723
3.89,1.5579,1.5836,1.6096,1.6358,1.6622,1.6888,1.7156,1.7426,1.7698,1.7972,1.8249,1.8527,1.8807,1.909,1.9374,1.9661,1.9949,2.0239,2.0532,2.0826,2.1122,2.142,2.172,2.2022,2.2326,2.2632,2.2939,2.3249,2.356,2.3873,2.4187,2.4503,2.4821,2.5141,2.5462,2.5785,2.6109,2.6434,2.6761,2.709,2.742,2.7751,2.8083,2.8416,2.8751,2.9086,2.9422,2.976,3.0098,3.0436,3.0776,3.1116,3.1456,3.1797,3.2137,3.2478,3.282,3.3161,3.3501,3.3842,3.4182,3.4521,3.486,3.5198,3.5535,3.5776,3.6005,3.6231,3.6455,3.6676,3.6894,3.7109,3.7322,3.7532,3.7739,3.7943,3.8144,3.8343,3.8538,3.8732,3.8922,3.9111,3.9297,3.9481,3.9664,3.9844,4.0024,4.0202,4.038,4.0558,4.0735,4.0913,4.1092,4.1272,4.1453,4.1637,4.1824,4.2014,4.2207,4.2405,4.2607,4.2815,4.3029,4.3248,4.3475,4.3709,4.395,4.4199,4.4457,4.4723
4.169,1.5536,1.5793,1.6052,1.6313,1.6576,1.6842,1.7109,1.7378,1.765,1.7923,1.8199,1.8476,1.8756,1.9038,1.9321,1.9607,1.9894,2.0184,2.0476,2.0769,2.1064,2.1362,2.1661,2.1962,2.2265,2.257,2.2877,2.3185,2.3495,2.3807,2.4121,2.4436,2.4753,2.5072,2.5392,2.5714,2.6037,2.6362,2.6688,2.7016,2.7345,2.7675,2.8006,2.8339,2.8672,2.9007,2.9342,2.9678,3.0015,3.0353,3.0692,3.1031,3.137,3.171,3.205,3.239,3.273,3.307,3.341,3.3749,3.4088,3.4427,3.4765,3.5102,3.5438,3.5773,3.6005,3.6231,3.6455,3.6676,3.6894,3.7109,3.7322,3.7532,3.7739,3.7943,3.8144,3.8343,3.8538,3.8732,3.8922,3.9111,3.9297,3.9481,3.9664,3.9844,4.0024,4.0202,4.038,4.0558,4.0735,4.0913,4.1092,4.1272,4.1453,4.1637,4.1824,4.2014,4.2207,4.2405,4.2607,4.2815,4.3029,4.3248,4.3475,4.3709,4.395,4.4199,4.4457,4.4723
4.467,1.5494,1.575,1.6009,1.6269,1.6532,1.6796,1.7063,1.7331,1.7602,1.7875,1.815,1.8427,1.8705,1.8986,1.9269,1.9554,1.9841,2.0129,2.042,2.0713,2.1008,2.1304,2.1603,2.1903,2.2205,2.2509,2.2815,2.3123,2.3432,2.3743,2.4056,2.437,2.4687,2.5004,2.5324,2.5645,2.5967,2.6291,2.6616,2.6943,2.7271,2.76,2.793,2.8262,2.8595,2.8928,2.9263,2.9598,2.9934,3.0271,3.0609,3.0947,3.1285,3.1624,3.1963,3.2302,3.2641,3.2981,3.332,3.3658,3.3996,3.4334,3.4671,3.5007,3.5342,3.5676,3.6005,3.6231,3.6455,3.6676,3.6894,3.7109,3.7322,3.7532,3.7739,3.7943,3.8144,3.8343,3.8538,3.8732,3.8922,3.9111,3.9297,3.9481,3.9664,3.9844,4.0024,4.0202,4.038,4.0558,4.0735,4.0913,4.1092,4.1272,4.1453,4.1637,4.1824,4.2014,4.2207,4.2405,4.2607,4.2815,4.3029,4.3248,4.3475,4.3709,4.395,4.4199,4.4457,4.4723
4.786,1.5453,1.5708,1.5966,1.6226,1.6487,1.6751,1.7017,1.7285,1.7555,1.7827,1.8101,1.8377,1.8655,1.8935,1.9218,1.9502,1.9788,2.0076,2.0366,2.0658,2.0951,2.1247,2.1545,2.1844,2.2146,2.2449,2.2754,2.3061,2.3369,2.368,2.3992,2.4305,2.4621,2.4938,2.5256,2.5576,2.5898,2.6221,2.6545,2.6871,2.7198,2.7526,2.7856,2.8187,2.8518,2.8851,2.9185,2.9519,2.9854,3.019,3.0527,3.0864,3.1202,3.154,3.1878,3.2216,3.2554,3.2893,3.3231,3.3568,3.3906,3.4242,3.4578,3.4914,3.5248,3.5581,3.5913,3.6231,3.6455,3.6676,3.6894,3.7109,3.7322,3.7532,3.7739,3.7943,3.8144,3.8343,3.8538,3.8732,3.8922,3.9111,3.9297,3.9481,3.9664,3.9844,4.0024,4.0202,4.038,4.0558,4.0735,4.0913,4.1092,4.1272,4.1453,4.1637,4.1824,4.2014,4.2207,4.2405,4.2607,4.2815,4.3029,4.3248,4.3475,4.3709,4.395,4.4199,4.4457,4.4723
5.129,1.5412,1.5667,1.5924,1.6183,1.6444,1.6707,1.6972,1.7239,1.7509,1.778,1.8053,1.8329,1.8606,1.8885,1.9167,1.945,1.9735,2.0023,2.0312,2.0603,2.0896,2.1191,2.1488,2.1787,2.2087,2.239,2.2694,2.3,2.3308,2.3617,2.3928,2.4241,2.4556,2.4872,2.5189,2.5509,2.5829,2.6151,2.6475,2.68,2.7126,2.7454,2.7782,2.8112,2.8443,2.8775,2.9108,2.9441,2.9776,3.0111,3.0446,3.0783,3.1119,3.1456,3.1794,3.2131,3.2468,3.2806,3.3143,3.348,3.3816,3.4152,3.4487,3.4821,3.5155,3.5487,3.5818,3.6148,3.6455,3.6676,3.6894,3.7109,3.7322,3.7532,3.7739,3.7943,3.8144,3.8343,3.8538,3.8732,3.8922,3.9111,3.9297,3.9481,3.9664,3.9844,4.0024,4.0202,4.038,4.0558,4.0735,4.0913,4.1092,4.1272,4.1453,4.1637,4.1824,4.2014,4.2207,4.2405,4.2607,4.2815,4.3029,4.3248,4.3475,4.3709,4.395,4.4199,4.4457,4.4723
5.495,1.5372,1.5626,1.5882,1.6141,1.6401,1.6663,1.6928,1.7194,1.7463,1.7734,1.8006,1.8281,1.8557,1.8836,1.9117,1.9399,1.9684,1.997,2.0259,2.0549,2.0842,2.1136,2.1432,2.173,2.203,2.2331,2.2635,2.294,2.3247,2.3555,2.3866,2.4178,2.4491,2.4807,2.5124,2.5442,2.5762,2.6083,2.6406,2.673,2.7055,2.7382,2.771,2.8039,2.8369,2.87,2.9031,2.9364,2.9698,3.0032,3.0367,3.0702,3.1038,3.1374,3.171,3.2047,3.2383,3.272,3.3056,3.3392,3.3728,3.4063,3.4397,3.473,3.5063,3.5394,3.5725,3.6054,3.6381,3.6676,3.6894,3.7109,3.7322,3.7532,3.7739,3.7943,3.8144,3.8343,3.8538,3.8732,3.8922,3.9111,3.9297,3.9481,3.9664,3.9844,4.0024,4.0202,4.038,4.0558,4.0735,4.0913,4.1092,4.1272,4.1453,4.1637,4.1824,4.2014,4.2207,4.2405,4.2607,4.2815,4.3029,4.3248,4.3475,4.3709,4.395,4.4199,4.4457,4.4723
5.888,1.5332,1.5586,1.5841,1.6099,1.6359,1.662,1.6884,1.715,1.7418,1.7688,1.796,1.8234,1.851,1.8787,1.9067,1.9349,1.9633,1.9919,2.0206,2.0496,2.0788,2.1081,2.1376,2.1674,2.1973,2.2273,2.2576,2.288,2.3187,2.3494,2.3804,2.4115,2.4428,2.4743,2.5059,2.5376,2.5695,2.6016,2.6338,2.6661,2.6985,2.7311,2.7638,2.7966,2.8295,2.8625,2.8956,2.9288,2.9621,2.9954,3.0288,3.0623,3.0958,3.1293,3.1629,3.1964,3.23,3.2635,3.2971,3.3306,3.364,3.3975,3.4308,3.4641,3.4972,3.5303,3.5632,3.5961,3.6287,3.6613,3.6894,3.7109,3.7322,3.7532,3.7739,3.7943,3.8144,3.8343,3.8538,3.8732,3.8922,3.9111,3.9297,3.9481,3.9664,3.9844,4.0024,4.0202,4.038,4.0558,4.0735,4.0913,4.1092,4.1272,4.1453,4.1637,4.1824,4.2014,4.2207,4.2405,4.2607,4.2815,4.3029,4.3248,4.3475,4.3709,4.395,4.4199,4.4457,4.4723
6.31,1.5293,1.5546,1.5801,1.6058,1.6317,1.6578,1.6841,1.7106,1.7373,1.7643,1.7914,1.8187,1.8462,1.8739,1.9019,1.93,1.9583,1.9868,2.0155,2.0444,2.0735,2.1027,2.1322,2.1618,2.1916,2.2216,2.2518,2.2822,2.3127,2.3434,2.3743,2.4054,2.4366,2.4679,2.4995,2.5311,2.563,2.5949,2.627,2.6593,2.6916,2.7241,2.7567,2.7895,2.8223,2.8552,2.8882,2.9213,2.9545,2.9878,3.0211,3.0545,3.0879,3.1213,3.1548,3.1882,3.2217,3.2552,3.2886,3.3221,3.3554,3.3888,3.422,3.4552,3.4883,3.5213,3.5541,3.5869,3.6195,3.6519,3.6842,3.7109,3.7322,3.7532,3.7739,3.7943,3.8144,3.8343,3.8538,3.8732,3.8922,3.9111,3.9297,3.9481,3.9664,3.9844,4.0024,4.0202,4.038,4.0558,4.0735,4.0913,4.1092,4.1272,4.1453,4.1637,4.1824,4.2014,4.2207,4.2405,4.2607,4.2815,4.3029,4.3248,4.3475,4.3709,4.395,4.4199,4.4457,4.4723
6.761,1.5254,1.5506,1.5761,1.6017,1.6276,1.6536,1.6798,1.7063,1.7329,1.7598,1.7868,1.8141,1.8416,1.8692,1.897,1.9251,1.9533,1.9818,2.0104,2.0392,2.0682,2.0974,2.1268,2.1564,2.1861,2.216,2.2461,2.2764,2.3069,2.3375,2.3683,2.3993,2.4304,2.4617,2.4931,2.5247,2.5565,2.5884,2.6204,2.6525,2.6848,2.7172,2.7498,2.7824,2.8152,2.848,2.8809,2.914,2.9471,2.9802,3.0135,3.0467,3.0801,3.1134,3.1468,3.1802,3.2136,3.247,3.2803,3.3137,3.347,3.3802,3.4134,3.4465,3.4795,3.5124,3.5451,3.5778,3.6103,3.6427,3.6748,3.7069,3.7322,3.7532,3.7739,3.7943,3.8144,3.8343,3.8538,3.8732,3.8922,3.9111,3.9297,3.9481,3.9664,3.9844,4.0024,4.0202,4.038,4.0558,4.0735,4.0913,4.1092,4.1272,4.1453,4.1637,4.1824,4.2014,4.2207,4.2405,4.2607,4.2815,4.3029,4.3248,4.3475,4.3709,4.395,4.4199,4.4457,4.4723
7.244,1.5216,1.5468,1.5721,1.5977,1.6235,1.6495,1.6756,1.702,1.7286,1.7554,1.7824,1.8096,1.8369,1.8645,1.8923,1.9203,1.9484,1.9768,2.0054,2.0341,2.063,2.0922,2.1215,2.151,2.1806,2.2105,2.2405,2.2707,2.3011,2.3317,2.3624,2.3933,2.4243,2.4555,2.4869,2.5184,2.5501,2.5819,2.6138,2.6459,2.6781,2.7104,2.7429,2.7755,2.8081,2.8409,2.8737,2.9067,2.9397,2.9728,3.0059,3.0391,3.0724,3.1056,3.1389,3.1722,3.2055,3.2388,3.2721,3.3054,3.3386,3.3717,3.4048,3.4378,3.4708,3.5036,3.5363,3.5688,3.6013,3.6335,3.6657,3.6976,3.7293,3.7532,3.7739,3.7943,3.8144,3.8343,3.8538,3.8732,3.8922,3.9111,3.9297,3.9481,3.9664,3.9844,4.0024,4.0202,4.038,4.0558,4.0735,4.0913,4.1092,4.1272,4.1453,4.1637,4.1824,4.2014,4.2207,4.2405,4.2607,4.2815,4.3029,4.3248,4.3475,4.3709,4.395,4.4199,4.4457,4.4723
7.762,1.5178,1.5429,1.5682,1.5937,1.6195,1.6454,1.6715,1.6978,1.7243,1.751,1.778,1.8051,1.8324,1.8599,1.8876,1.9155,1.9436,1.9719,2.0004,2.0291,2.0579,2.087,2.1162,2.1456,2.1752,2.205,2.235,2.2651,2.2954,2.3259,2.3565,2.3874,2.4183,2.4495,2.4808,2.5122,2.5438,2.5755,2.6074,2.6394,2.6715,2.7037,2.7361,2.7686,2.8012,2.8339,2.8666,2.8995,2.9324,2.9654,2.9985,3.0316,3.0647,3.0979,3.1312,3.1644,3.1976,3.2308,3.264,3.2972,3.3303,3.3634,3.3964,3.4293,3.4622,3.4949,3.5275,3.56,3.5924,3.6246,3.6566,3.6884,3.7201,3.7516,3.7739,3.7943,3.8144,3.8343,3.8538,3.8732,3.8922,3.9111,3.9297,3.9481,3.9664,3.9844,4.0024,4.0202,4.038,4.0558,4.0735,4.0913,4.1092,4.1272,4.1453,4.1637,4.1824,4.2014,4.2207,4.2405,4.2607,4.2815,4.3029,4.3248,4.3475,4.3709,4.395,4.4199,4.4457,4.4723
8.318,1.5141,1.5392,1.5644,1.5898,1.6155,1.6413,1.6674,1.6937,1.7201,1.7468,1.7736,1.8007,1.8279,1.8554,1.883,1.9108,1.9389,1.9671,1.9955,2.0241,2.0529,2.0819,2.111,2.1404,2.1699,2.1996,2.2295,2.2596,2.2898,2.3202,2.3508,2.3815,2.4124,2.4435,2.4747,2.506,2.5375,2.5692,2.601,2.6329,2.665,2.6971,2.7294,2.7618,2.7943,2.8269,2.8596,2.8924,2.9252,2.9582,2.9911,3.0242,3.0572,3.0904,3.1235,3.1566,3.1898,3.2229,3.256,3.2891,3.3222,3.3552,3.3881,3.4209,3.4537,3.4864,3.5189,3.5513,3.5836,3.6157,3.6476,3.6794,3.711,3.7424,3.7736,3.7943,3.8144,3.8343,3.8538,3.8732,3.8922,3.9111,3.9297,3.9481,3.9664,3.9844,4.0024,4.0202,4.038,4.0558,4.0735,4.0913,4.1092,4.1272,4.1453,4.1637,4.1824,4.2014,4.2207,4.2405,4.2607,4.2815,4.3029,4.3248,4.3475,4.3709,4.395,4.4199,4.4457,4.4723
8.913,1.5104,1.5354,1.5606,1.586,1.6116,1.6374,1.6634,1.6896,1.7159,1.7425,1.7693,1.7963,1.8235,1.8509,1.8784,1.9062,1.9342,1.9623,1.9907,2.0192,2.0479,2.0768,2.1059,2.1352,2.1647,2.1943,2.2241,2.2541,2.2843,2.3146,2.3451,2.3757,2.4066,2.4375,2.4687,2.5,2.5314,2.563,2.5947,2.6265,2.6585,2.6906,2.7228,2.7551,2.7875,2.8201,2.8527,2.8854,2.9181,2.951,2.9839,3.0168,3.0498,3.0829,3.1159,3.149,3.182,3.2151,3.2481,3.2812,3.3141,3.347,3.3799,3.4127,3.4453,3.4779,3.5104,3.5427,3.5749,3.6069,3.6388,3.6705,3.702,3.7333,3.7644,3.7943,3.8144,3.8343,3.8538,3.8732,3.8922,3.9111,3.9297,3.9481,3.9664,3.9844,4.0024,4.0202,4.038,4.0558,4.0735,4.0913,4.1092,4.1272,4.1453,4.1637,4.1824,4.2014,4.2207,4.2405,4.2607,4.2815,4.3029,4.3248,4.3475,4.3709,4.395,4.4199,4.4457,4.4723
9.55,1.5068,1.5317,1.5569,1.5822,1.6077,1.6334,1.6594,1.6855,1.7118,1.7384,1.7651,1.792,1.8191,1.8464,1.8739,1.9016,1.9295,1.9576,1.9859,2.0144,2.043,2.0718,2.1009,2.1301,2.1595,2.189,2.2188,2.2487,2.2788,2.309,2.3395,2.3701,2.4008,2.4317,2.4628,2.494,2.5253,2.5568,2.5885,2.6202,2.6521,2.6841,2.7163,2.7485,2.7809,2.8133,2.8458,2.8785,2.9112,2.9439,2.9767,3.0096,3.0425,3.0755,3.1085,3.1414,3.1744,3.2074,3.2404,3.2733,3.3062,3.339,3.3718,3.4045,3.4371,3.4696,3.502,3.5342,3.5663,3.5983,3.6301,3.6617,3.6931,3.7244,3.7554,3.7862,3.8144,3.8343,3.8538,3.8732,3.8922,3.9111,3.9297,3.9481,3.9664,3.9844,4.0024,4.0202,4.038,4.0558,4.0735,4.0913,4.1092,4.1272,4.1453,4.1637,4.1824,4.2014,4.2207,4.2405,4.2607,4.2815,4.3029,4.3248,4.3475,4.3709,4.395,4.4199,4.4457,4.4723
10.233,1.5033,1.5281,1.5532,1.5784,1.6039,1.6296,1.6554,1.6815,1.7078,1.7342,1.7609,1.7878,1.8148,1.8421,1.8695,1.8971,1.925,1.953,1.9812,2.0096,2.0382,2.0669,2.0959,2.125,2.1543,2.1838,2.2135,2.2434,2.2734,2.3036,2.3339,2.3644,2.3951,2.4259,2.4569,2.4881,2.5193,2.5508,2.5823,2.614,2.6458,2.6778,2.7098,2.742,2.7743,2.8066,2.8391,2.8716,2.9043,2.9369,2.9697,3.0025,3.0353,3.0682,3.1011,3.134,3.1669,3.1998,3.2327,3.2655,3.2983,3.3311,3.3638,3.3964,3.4289,3.4613,3.4936,3.5258,3.5579,3.5897,3.6215,3.653,3.6844,3.7155,3.7465,3.7772,3.8077,3.8343,3.8538,3.8732,3.8922,3.9111,3.9297,3.9481,3.9664,3.9844,4.0024,4.0202,4.038,4.0558,4.0735,4.0913,4.1092,4.1272,4.1453,4.1637,4.1824,4.2014,4.2207,4.2405,4.2607,4.2815,4.3029,4.3248,4.3475,4.3709,4.395,4.4199,4.4457,4.4723
10.965,1.4997,1.5245,1.5495,1.5747,1.6001,1.6258,1.6516,1.6776,1.7038,1.7302,1.7568,1.7836,1.8105,1.8377,1.8651,1.8927,1.9204,1.9484,1.9765,2.0049,2.0334,2.0621,2.091,2.12,2.1493,2.1787,2.2083,2.2381,2.268,2.2982,2.3284,2.3589,2.3895,2.4202,2.4512,2.4822,2.5134,2.5448,2.5763,2.6079,2.6396,2.6715,2.7035,2.7356,2.7678,2.8,2.8324,2.8649,2.8974,2.93,2.9627,2.9954,3.0282,3.061,3.0938,3.1266,3.1595,3.1923,3.2251,3.2579,3.2906,3.3233,3.3559,3.3884,3.4209,3.4532,3.4855,3.5176,3.5495,3.5813,3.613,3.6444,3.6757,3.7068,3.7377,3.7684,3.7988,3.829,3.8538,3.8732,3.8922,3.9111,3.9297,3.9481,3.9664,3.9844,4.0024,4.0202,4.038,4.0558,4.0735,4.0913,4.1092,4.1272,4.1453,4.1637,4.1824,4.2014,4.2207,4.2405,4.2607,4.2815,4.3029,4.3248,4.3475,4.3709,4.395,4.4199,4.4457,4.4723
11.749,1.4962,1.521,1.5459,1.5711,1.5964,1.622,1.6477,1.6737,1.6998,1.7261,1.7527,1.7794,1.8063,1.8335,1.8608,1.8883,1.916,1.9439,1.9719,2.0002,2.0287,2.0573,2.0861,2.1151,2.1443,2.1737,2.2032,2.2329,2.2628,2.2928,2.323,2.3534,2.3839,2.4146,2.4455,2.4765,2.5076,2.5389,2.5703,2.6018,2.6335,2.6653,2.6972,2.7292,2.7613,2.7935,2.8259,2.8582,2.8907,2.9232,2.9558,2.9885,3.0212,3.0539,3.0866,3.1194,3.1521,3.1849,3.2176,3.2503,3.283,3.3156,3.3481,3.3806,3.4129,3.4452,3.4774,3.5094,3.5413,3.573,3.6046,3.636,3.6672,3.6982,3.729,3.7596,3.79,3.8201,3.85,3.8732,3.8922,3.9111,3.9297,3.9481,3.9664,3.9844,4.0024,4.0202,4.038,4.0558,4.0735,4.0913,4.1092,4.1272,4.1453,4.1637,4.1824,4.2014,4.2207,4.2405,4.2607,4.2815,4.3029,4.3248,4.3475,4.3709,4.395,4.4199,4.4457,4.4723
12.589,1.4928,1.5175,1.5424,1.5675,1.5928,1.6182,1.6439,1.6698,1.6959,1.7222,1.7487,1.7753,1.8022,1.8292,1.8565,1.8839,1.9116,1.9394,1.9674,1.9956,2.024,2.0526,2.0813,2.1103,2.1394,2.1687,2.1981,2.2278,2.2576,2.2876,2.3177,2.348,2.3785,2.4091,2.4399,2.4708,2.5018,2.533,2.5644,2.5958,2.6274,2.6592,2.691,2.7229,2.755,2.7871,2.8194,2.8517,2.8841,2.9165,2.949,2.9816,3.0142,3.0469,3.0795,3.1122,3.1449,3.1776,3.2102,3.2428,3.2754,3.3079,3.3404,3.3728,3.4051,3.4373,3.4694,3.5013,3.5331,3.5648,3.5963,3.6276,3.6588,3.6897,3.7204,3.751,3.7813,3.8113,3.8412,3.8708,3.8922,3.9111,3.9297,3.9481,3.9664,3.9844,4.0024,4.0202,4.038,4.0558,4.0735,4.0913,4.1092,4.1272,4.1453,4.1637,4.1824,4.2014,4.2207,4.2405,4.2607,4.2815,4.3029,4.3248,4.3475,4.3709,4.395,4.4199,4.4457,4.4723
13.49,1.4894,1.514,1.5389,1.5639,1.5891,1.6146,1.6402,1.666,1.692,1.7183,1.7447,1.7713,1.7981,1.8251,1.8523,1.8797,1.9072,1.935,1.9629,1.9911,2.0194,2.0479,2.0766,2.1055,2.1345,2.1637,2.1931,2.2227,2.2524,2.2823,2.3124,2.3427,2.3731,2.4036,2.4343,2.4652,2.4961,2.5273,2.5585,2.5899,2.6215,2.6531,2.6849,2.7167,2.7487,2.7808,2.8129,2.8452,2.8775,2.9099,2.9423,2.9748,3.0074,3.0399,3.0725,3.1051,3.1377,3.1703,3.2029,3.2355,3.268,3.3004,3.3328,3.3651,3.3974,3.4295,3.4615,3.4934,3.5251,3.5567,3.5881,3.6194,3.6504,3.6813,3.712,3.7424,3.7727,3.8027,3.8324,3.862,3.8913,3.9111,3.9297,3.9481,3.9664,3.9844,4.0024,4.0202,4.038,4.0558,4.0735,4.0913,4.1092,4.1272,4.1453,4.1637,4.1824,4.2014,4.2207,4.2405,4.2607,4.2815,4.3029,4.3248,4.3475,4.3709,4.395,4.4199,4.4457,4.4723
14.454,1.4861,1.5106,1.5354,1.5604,1.5856,1.6109,1.6365,1.6623,1.6882,1.7144,1.7408,1.7673,1.794,1.821,1.8481,1.8754,1.9029,1.9306,1.9585,1.9866,2.0149,2.0433,2.0719,2.1007,2.1297,2.1589,2.1882,2.2177,2.2474,2.2772,2.3072,2.3374,2.3677,2.3982,2.4288,2.4596,2.4905,2.5216,2.5528,2.5841,2.6156,2.6471,2.6788,2.7106,2.7425,2.7745,2.8066,2.8388,2.871,2.9033,2.9357,2.9681,3.0006,3.0331,3.0656,3.0981,3.1307,3.1632,3.1957,3.2282,3.2606,3.293,3.3253,3.3576,3.3897,3.4218,3.4537,3.4855,3.5172,3.5487,3.58,3.6112,3.6422,3.673,3.7036,3.734,3.7642,3.7941,3.8238,3.8533,3.8825,3.9111,3.9297,3.9481,3.9664,3.9844,4.0024,4.0202,4.038,4.0558,4.0735,4.0913,4.1092,4.1272,4.1453,4.1637,4.1824,4.2014,4.2207,4.2405,4.2607,4.2815,4.3029,4.3248,4.3475,4.3709,4.395,4.4199,4.4457,4.4723
15.488,1.4827,1.5073,1.532,1.5569,1.582,1.6073,1.6329,1.6586,1.6845,1.7106,1.7369,1.7634,1.79,1.8169,1.844,1.8712,1.8987,1.9263,1.9542,1.9822,2.0104,2.0387,2.0673,2.096,2.125,2.1541,2.1833,2.2128,2.2424,2.2721,2.3021,2.3322,2.3624,2.3928,2.4234,2.4541,2.485,2.516,2.5471,2.5784,2.6097,2.6412,2.6729,2.7046,2.7364,2.7684,2.8004,2.8325,2.8646,2.8969,2.9292,2.9615,2.9939,3.0263,3.0588,3.0912,3.1237,3.1562,3.1886,3.221,3.2534,3.2857,3.3179,3.3501,3.3822,3.4141,3.446,3.4777,3.5093,3.5408,3.5721,3.6032,3.6341,3.6648,3.6954,3.7257,3.7558,3.7857,3.8153,3.8447,3.8738,3.9028,3.9297,3.9481,3.9664,3.9844,4.0024,4.0202,4.038,4.0558,4.0735,4.0913,4.1092,4.1272,4.1453,4.1637,4.1824,4.2014,4.2207,4.2405,4.2607,4.2815,4.3029,4.3248,4.3475,4.3709,4.395,4.4199,4.4457,4.4723
16.596,1.4795,1.5039,1.5286,1.5535,1.5785,1.6038,1.6293,1.6549,1.6808,1.7068,1.733,1.7595,1.7861,1.8129,1.8399,1.8671,1.8945,1.9221,1.9499,1.9778,2.0059,2.0342,2.0627,2.0914,2.1203,2.1493,2.1785,2.2079,2.2374,2.2671,2.297,2.327,2.3572,2.3876,2.4181,2.4487,2.4795,2.5104,2.5415,2.5727,2.604,2.6354,2.667,2.6986,2.7304,2.7622,2.7942,2.8262,2.8583,2.8905,2.9227,2.955,2.9873,3.0197,3.052,3.0844,3.1168,3.1492,3.1816,3.2139,3.2462,3.2784,3.3106,3.3427,3.3747,3.4066,3.4384,3.4701,3.5016,3.533,3.5642,3.5952,3.6261,3.6568,3.6872,3.7175,3.7475,3.7773,3.8069,3.8362,3.8653,3.8942,3.9228,3.9481,3.9664,3.9844,4.0024,4.0202,4.038,4.0558,4.0735,4.0913,4.1092,4.1272,4.1453,4.1637,4.1824,4.2014,4.2207,4.2405,4.2607,4.2815,4.3029,4.3248,4.3475,4.3709,4.395,4.4199,4.4457,4.4723
17.783,1.4762,1.5007,1.5253,1.5501,1.5751,1.6003,1.6257,1.6513,1.6771,1.7031,1.7293,1.7556,1.7822,1.809,1.8359,1.863,1.8904,1.9179,1.9456,1.9735,2.0016,2.0298,2.0582,2.0869,2.1156,2.1446,2.1737,2.2031,2.2325,2.2622,2.292,2.322,2.3521,2.3824,2.4128,2.4434,2.4741,2.5049,2.5359,2.5671,2.5983,2.6297,2.6612,2.6927,2.7244,2.7562,2.7881,2.82,2.8521,2.8842,2.9163,2.9485,2.9808,3.0131,3.0454,3.0777,3.11,3.1423,3.1746,3.2069,3.2391,3.2713,3.3034,3.3354,3.3673,3.3992,3.4309,3.4625,3.494,3.5253,3.5564,3.5874,3.6182,3.6488,3.6792,3.7094,3.7393,3.7691,3.7986,3.8278,3.8569,3.8857,3.9142,3.9425,3.9664,3.9844,4.0024,4.0202,4.038,4.0558,4.0735,4.0913,4.1092,4.1272,4.1453,4.1637,4.1824,4.2014,4.2207,4.2405,4.2607,4.2815,4.3029,4.3248,4.3475,4.3709,4.395,4.4199,4.4457,4.4723
19.055,1.4731,1.4974,1.522,1.5467,1.5717,1.5968,1.6222,1.6477,1.6735,1.6994,1.7255,1.7518,1.7784,1.8051,1.8319,1.859,1.8863,1.9137,1.9414,1.9692,1.9972,2.0254,2.0538,2.0823,2.1111,2.14,2.1691,2.1983,2.2277,2.2573,2.287,2.3169,2.347,2.3772,2.4076,2.4381,2.4687,2.4995,2.5305,2.5615,2.5927,2.624,2.6554,2.6869,2.7185,2.7503,2.7821,2.814,2.8459,2.8779,2.91,2.9422,2.9743,3.0066,3.0388,3.071,3.1033,3.1355,3.1678,3.1999,3.2321,3.2642,3.2962,3.3282,3.3601,3.3918,3.4235,3.455,3.4864,3.5176,3.5487,3.5796,3.6104,3.6409,3.6712,3.7014,3.7313,3.7609,3.7904,3.8196,3.8485,3.8773,3.9057,3.934,3.962,3.9844,4.0024,4.0202,4.038,4.0558,4.0735,4.0913,4.1092,4.1272,4.1453,4.1637,4.1824,4.2014,4.2207,4.2405,4.2607,4.2815,4.3029,4.3248,4.3475,4.3709,4.395,4.4199,4.4457,4.4723
20.417,1.4699,1.4942,1.5187,1.5434,1.5683,1.5934,1.6187,1.6442,1.6699,1.6958,1.7218,1.7481,1.7745,1.8012,1.828,1.855,1.8823,1.9097,1.9372,1.965,1.993,2.0211,2.0494,2.0779,2.1066,2.1354,2.1644,2.1936,2.223,2.2525,2.2821,2.312,2.342,2.3721,2.4024,2.4329,2.4635,2.4942,2.525,2.556,2.5871,2.6184,2.6497,2.6812,2.7127,2.7444,2.7761,2.8079,2.8398,2.8718,2.9038,2.9359,2.968,3.0001,3.0323,3.0645,3.0967,3.1288,3.161,3.1931,3.2252,3.2572,3.2892,3.3211,3.3529,3.3846,3.4162,3.4476,3.4789,3.5101,3.5411,3.572,3.6026,3.6331,3.6634,3.6934,3.7233,3.7529,3.7823,3.8114,3.8403,3.869,3.8974,3.9256,3.9535,3.9813,4.0024,4.0202,4.038,4.0558,4.0735,4.0913,4.1092,4.1272,4.1453,4.1637,4.1824,4.2014,4.2207,4.2405,4.2607,4.2815,4.3029,4.3248,4.3475,4.3709,4.395,4.4199,4.4457,4.4723
21.878,1.4668,1.4911,1.5155,1.5402,1.565,1.5901,1.6153,1.6407,1.6664,1.6922,1.7182,1.7444,1.7708,1.7974,1.8242,1.8511,1.8783,1.9056,1.9331,1.9608,1.9887,2.0168,2.0451,2.0735,2.1021,2.1309,2.1598,2.189,2.2182,2.2477,2.2773,2.3071,2.337,2.3671,2.3973,2.4277,2.4582,2.4889,2.5197,2.5506,2.5817,2.6128,2.6441,2.6755,2.707,2.7386,2.7702,2.802,2.8338,2.8657,2.8977,2.9297,2.9617,2.9938,3.0259,3.058,3.0901,3.1222,3.1543,3.1863,3.2184,3.2503,3.2822,3.314,3.3458,3.3774,3.4089,3.4403,3.4716,3.5027,3.5336,3.5644,3.595,3.6254,3.6556,3.6856,3.7154,3.7449,3.7743,3.8033,3.8322,3.8608,3.8891,3.9173,3.9452,3.9728,4.0003,4.0202,4.038,4.0558,4.0735,4.0913,4.1092,4.1272,4.1453,4.1637,4.1824,4.2014,4.2207,4.2405,4.2607,4.2815,4.3029,4.3248,4.3475,4.3709,4.395,4.4199,4.4457,4.4723
23.442,1.4637,1.4879,1.5123,1.5369,1.5617,1.5867,1.6119,1.6373,1.6629,1.6886,1.7146,1.7407,1.7671,1.7936,1.8203,1.8472,1.8743,1.9016,1.9291,1.9567,1.9846,2.0126,2.0408,2.0691,2.0977,2.1264,2.1553,2.1844,2.2136,2.243,2.2725,2.3023,2.3321,2.3621,2.3923,2.4226,2.4531,2.4837,2.5144,2.5453,2.5763,2.6074,2.6386,2.6699,2.7013,2.7328,2.7644,2.7961,2.8279,2.8597,2.8916,2.9235,2.9555,2.9875,3.0195,3.0516,3.0836,3.1157,3.1477,3.1797,3.2116,3.2435,3.2753,3.3071,3.3388,3.3703,3.4018,3.4331,3.4643,3.4954,3.5262,3.557,3.5875,3.6178,3.648,3.6779,3.7076,3.7371,3.7663,3.7954,3.8241,3.8527,3.881,3.9091,3.9369,3.9645,3.9919,4.0191,4.038,4.0558,4.0735,4.0913,4.1092,4.1272,4.1453,4.1637,4.1824,4.2014,4.2207,4.2405,4.2607,4.2815,4.3029,4.3248,4.3475,4.3709,4.395,4.4199,4.4457,4.4723
25.119,1.4607,1.4848,1.5092,1.5337,1.5585,1.5834,1.6086,1.6339,1.6594,1.6851,1.711,1.7371,1.7634,1.7899,1.8166,1.8434,1.8704,1.8977,1.9251,1.9527,1.9805,2.0084,2.0365,2.0649,2.0933,2.122,2.1508,2.1798,2.209,2.2383,2.2678,2.2975,2.3273,2.3572,2.3874,2.4176,2.448,2.4785,2.5092,2.54,2.5709,2.6019,2.6331,2.6644,2.6957,2.7272,2.7587,2.7903,2.822,2.8538,2.8856,2.9175,2.9494,2.9813,3.0133,3.0452,3.0772,3.1092,3.1411,3.1731,3.2049,3.2368,3.2685,3.3002,3.3318,3.3633,3.3947,3.426,3.4571,3.4881,3.5189,3.5496,3.58,3.6103,3.6404,3.6703,3.6999,3.7293,3.7585,3.7875,3.8162,3.8447,3.8729,3.9009,3.9287,3.9563,3.9836,4.0107,4.0377,4.0558,4.0735,4.0913,4.1092,4.1272,4.1453,4.1637,4.1824,4.2014,4.2207,4.2405,4.2607,4.2815,4.3029,4.3248,4.3475,4.3709,4.395,4.4199,4.4457,4.4723
26.915,1.4577,1.4818,1.5061,1.5306,1.5553,1.5802,1.6053,1.6305,1.656,1.6817,1.7075,1.7336,1.7598,1.7862,1.8128,1.8396,1.8666,1.8938,1.9211,1.9487,1.9764,2.0043,2.0324,2.0606,2.089,2.1176,2.1464,2.1754,2.2045,2.2337,2.2632,2.2928,2.3225,2.3524,2.3825,2.4126,2.443,2.4734,2.504,2.5348,2.5656,2.5966,2.6277,2.6589,2.6902,2.7216,2.753,2.7846,2.8162,2.8479,2.8797,2.9115,2.9433,2.9752,3.0071,3.039,3.0709,3.1028,3.1347,3.1665,3.1984,3.2301,3.2618,3.2934,3.325,3.3564,3.3877,3.4189,3.45,3.4809,3.5117,3.5423,3.5727,3.6029,3.6329,3.6627,3.6923,3.7217,3.7508,3.7797,3.8084,3.8368,3.865,3.8929,3.9206,3.9481,3.9754,4.0025,4.0294,4.0558,4.0735,4.0913,4.1092,4.1272,4.1453,4.1637,4.1824,4.2014,4.2207,4.2405,4.2607,4.2815,4.3029,4.3248,4.3475,4.3709,4.395,4.4199,4.4457,4.4723
28.84,1.4547,1.4788,1.503,1.5275,1.5521,1.577,1.602,1.6272,1.6526,1.6782,1.704,1.73,1.7562,1.7826,1.8091,1.8359,1.8628,1.8899,1.9172,1.9447,1.9724,2.0002,2.0282,2.0564,2.0848,2.1133,2.142,2.1709,2.2,2.2292,2.2586,2.2881,2.3178,2.3476,2.3776,2.4077,2.438,2.4684,2.499,2.5296,2.5604,2.5913,2.6223,2.6535,2.6847,2.716,2.7474,2.7789,2.8105,2.8421,2.8738,2.9055,2.9373,2.9691,3.001,3.0328,3.0647,3.0965,3.1283,3.1601,3.1919,3.2236,3.2552,3.2867,3.3182,3.3496,3.3809,3.412,3.443,3.4739,3.5045,3.5351,3.5654,3.5956,3.6255,3.6553,3.6848,3.7141,3.7432,3.772,3.8006,3.829,3.8571,3.885,3.9127,3.9401,3.9673,3.9944,4.0212,4.0479,4.0735,4.0913,4.1092,4.1272,4.1453,4.1637,4.1824,4.2014,4.2207,4.2405,4.2607,4.2815,4.3029,4.3248,4.3475,4.3709,4.395,4.4199,4.4457,4.4723
30.903,1.4518,1.4758,1.5,1.5244,1.549,1.5738,1.5988,1.6239,1.6493,1.6749,1.7006,1.7265,1.7527,1.779,1.8055,1.8322,1.8591,1.8861,1.9134,1.9408,1.9684,1.9962,2.0241,2.0523,2.0806,2.1091,2.1377,2.1666,2.1955,2.2247,2.254,2.2835,2.3131,2.3429,2.3728,2.4029,2.4331,2.4634,2.4939,2.5245,2.5553,2.5861,2.6171,2.6481,2.6793,2.7106,2.7419,2.7733,2.8048,2.8364,2.868,2.8997,2.9314,2.9631,2.9949,3.0267,3.0585,3.0903,3.122,3.1537,3.1854,3.2171,3.2486,3.2801,3.3115,3.3428,3.374,3.4051,3.4361,3.4669,3.4975,3.528,3.5582,3.5883,3.6182,3.6479,3.6774,3.7066,3.7356,3.7644,3.793,3.8213,3.8493,3.8772,3.9048,3.9322,3.9593,3.9863,4.0131,4.0397,4.0662,4.0913,4.1092,4.1272,4.1453,4.1637,4.1824,4.2014,4.2207,4.2405,4.2607,4.2815,4.3029,4.3248,4.3475,4.3709,4.395,4.4199,4.4457,4.4723
33.113,1.4489,1.4729,1.497,1.5214,1.5459,1.5706,1.5956,1.6207,1.646,1.6715,1.6972,1.7231,1.7492,1.7754,1.8019,1.8285,1.8553,1.8824,1.9095,1.9369,1.9645,1.9922,2.0201,2.0482,2.0764,2.1049,2.1335,2.1622,2.1912,2.2203,2.2495,2.2789,2.3085,2.3382,2.3681,2.3981,2.4282,2.4585,2.4889,2.5195,2.5502,2.5809,2.6118,2.6428,2.6739,2.7051,2.7364,2.7678,2.7992,2.8307,2.8623,2.8939,2.9256,2.9572,2.9889,3.0207,3.0524,3.0841,3.1158,3.1474,3.1791,3.2106,3.2422,3.2736,3.3049,3.3362,3.3673,3.3983,3.4292,3.4599,3.4905,3.5209,3.5511,3.5812,3.611,3.6406,3.67,3.6992,3.7282,3.7569,3.7854,3.8137,3.8417,3.8694,3.897,3.9243,3.9514,3.9784,4.0051,4.0316,4.058,4.0843,4.1092,4.1272,4.1453,4.1637,4.1824,4.2014,4.2207,4.2405,4.2607,4.2815,4.3029,4.3248,4.3475,4.3709,4.395,4.4199,4.4457,4.4723
35.481,1.446,1.4699,1.4941,1.5184,1.5429,1.5675,1.5924,1.6175,1.6428,1.6682,1.6939,1.7197,1.7457,1.7719,1.7983,1.8249,1.8517,1.8786,1.9058,1.9331,1.9606,1.9883,2.0161,2.0441,2.0723,2.1007,2.1293,2.158,2.1868,2.2159,2.2451,2.2744,2.3039,2.3336,2.3634,2.3934,2.4234,2.4537,2.484,2.5145,2.5451,2.5758,2.6067,2.6376,2.6687,2.6998,2.731,2.7623,2.7937,2.8251,2.8566,2.8882,2.9198,2.9514,2.983,3.0147,3.0464,3.078,3.1096,3.1412,3.1728,3.2043,3.2358,3.2671,3.2984,3.3296,3.3607,3.3916,3.4224,3.4531,3.4836,3.514,3.5441,3.5741,3.6039,3.6334,3.6628,3.6919,3.7208,3.7495,3.7779,3.8061,3.8341,3.8618,3.8893,3.9166,3.9436,3.9705,3.9972,4.0237,4.05,4.0763,4.1024,4.1272,4.1453,4.1637,4.1824,4.2014,4.2207,4.2405,4.2607,4.2815,4.3029,4.3248,4.3475,4.3709,4.395,4.4199,4.4457,4.4723
38.019,1.4432,1.4671,1.4911,1.5154,1.5398,1.5645,1.5893,1.6143,1.6396,1.665,1.6906,1.7163,1.7423,1.7685,1.7948,1.8213,1.8481,1.875,1.902,1.9293,1.9567,1.9844,2.0122,2.0401,2.0683,2.0966,2.1251,2.1537,2.1826,2.2115,2.2407,2.27,2.2994,2.329,2.3588,2.3887,2.4187,2.4489,2.4792,2.5096,2.5401,2.5708,2.6016,2.6325,2.6634,2.6945,2.7257,2.7569,2.7882,2.8196,2.8511,2.8825,2.9141,2.9456,2.9772,3.0088,3.0404,3.072,3.1035,3.1351,3.1666,3.198,3.2294,3.2607,3.292,3.3231,3.3541,3.385,3.4157,3.4464,3.4768,3.5071,3.5372,3.5671,3.5968,3.6263,3.6556,3.6847,3.7135,3.7422,3.7705,3.7987,3.8266,3.8543,3.8817,3.9089,3.9359,3.9627,3.9894,4.0158,4.0421,4.0683,4.0943,4.1203,4.1453,4.1637,4.1824,4.2014,4.2207,4.2405,4.2607,4.2815,4.3029,4.3248,4.3475,4.3709,4.395,4.4199,4.4457,4.4723
40.738,1.4404,1.4642,1.4882,1.5125,1.5369,1.5614,1.5862,1.6112,1.6364,1.6617,1.6873,1.713,1.7389,1.765,1.7913,1.8178,1.8445,1.8713,1.8984,1.9256,1.953,1.9805,2.0083,2.0362,2.0643,2.0925,2.121,2.1496,2.1783,2.2073,2.2363,2.2656,2.295,2.3245,2.3542,2.384,2.414,2.4441,2.4744,2.5047,2.5352,2.5658,2.5965,2.6274,2.6583,2.6893,2.7204,2.7516,2.7828,2.8142,2.8455,2.877,2.9084,2.9399,2.9714,3.003,3.0345,3.066,3.0975,3.129,3.1605,3.1918,3.2232,3.2544,3.2856,3.3166,3.3476,3.3784,3.4091,3.4397,3.4701,3.5003,3.5303,3.5602,3.5899,3.6193,3.6485,3.6776,3.7064,3.7349,3.7632,3.7913,3.8192,3.8468,3.8742,3.9013,3.9283,3.9551,3.9816,4.008,4.0343,4.0604,4.0864,4.1124,4.1383,4.1637,4.1824,4.2014,4.2207,4.2405,4.2607,4.2815,4.3029,4.3248,4.3475,4.3709,4.395,4.4199,4.4457,4.4723
43.652,1.4376,1.4614,1.4854,1.5096,1.5339,1.5585,1.5832,1.6081,1.6332,1.6585,1.684,1.7097,1.7356,1.7617,1.7879,1.8143,1.8409,1.8677,1.8947,1.9219,1.9492,1.9767,2.0044,2.0323,2.0603,2.0885,2.1169,2.1455,2.1742,2.203,2.2321,2.2612,2.2906,2.3201,2.3497,2.3795,2.4094,2.4394,2.4696,2.4999,2.5304,2.5609,2.5916,2.6223,2.6532,2.6841,2.7152,2.7463,2.7775,2.8088,2.8401,2.8714,2.9028,2.9343,2.9657,2.9972,3.0287,3.0601,3.0916,3.123,3.1544,3.1857,3.217,3.2482,3.2793,3.3103,3.3412,3.3719,3.4026,3.4331,3.4634,3.4936,3.5236,3.5534,3.583,3.6124,3.6415,3.6705,3.6992,3.7277,3.756,3.784,3.8118,3.8394,3.8667,3.8939,3.9208,3.9475,3.974,4.0003,4.0265,4.0526,4.0786,4.1045,4.1303,4.1562,4.182,4.2014,4.2207,4.2405,4.2607,4.2815,4.3029,4.3248,4.3475,4.3709,4.395,4.4199,4.4457,4.4723
46.774,1.4349,1.4586,1.4826,1.5067,1.531,1.5555,1.5802,1.6051,1.6301,1.6554,1.6808,1.7065,1.7323,1.7583,1.7845,1.8109,1.8374,1.8642,1.8911,1.9182,1.9455,1.973,2.0006,2.0284,2.0564,2.0846,2.1129,2.1414,2.17,2.1988,2.2278,2.2569,2.2862,2.3157,2.3452,2.375,2.4048,2.4348,2.4649,2.4952,2.5256,2.556,2.5866,2.6173,2.6481,2.679,2.71,2.7411,2.7722,2.8034,2.8347,2.866,2.8973,2.9287,2.9601,2.9915,3.0229,3.0543,3.0857,3.1171,3.1484,3.1797,3.2109,3.242,3.273,3.304,3.3348,3.3655,3.3961,3.4266,3.4568,3.4869,3.5169,3.5466,3.5762,3.6055,3.6346,3.6635,3.6922,3.7207,3.7489,3.7769,3.8046,3.8321,3.8594,3.8865,3.9133,3.94,3.9664,3.9927,4.0189,4.0449,4.0708,4.0967,4.1225,4.1483,4.1741,4.2,4.2207,4.2405,4.2607,4.2815,4.3029,4.3248,4.3475,4.3709,4.395,4.4199,4.4457,4.4723
50.119,1.4322,1.4559,1.4798,1.5039,1.5281,1.5526,1.5772,1.602,1.6271,1.6523,1.6777,1.7033,1.729,1.755,1.7811,1.8075,1.834,1.8607,1.8876,1.9146,1.9418,1.9693,1.9968,2.0246,2.0525,2.0806,2.1089,2.1373,2.1659,2.1947,2.2236,2.2527,2.2819,2.3113,2.3408,2.3705,2.4003,2.4302,2.4603,2.4905,2.5208,2.5512,2.5818,2.6124,2.6432,2.674,2.7049,2.7359,2.767,2.7981,2.8293,2.8606,2.8919,2.9232,2.9545,2.9859,3.0172,3.0486,3.0799,3.1112,3.1425,3.1737,3.2048,3.2359,3.2669,3.2978,3.3286,3.3592,3.3897,3.4201,3.4503,3.4804,3.5103,3.5399,3.5694,3.5987,3.6278,3.6566,3.6853,3.7137,3.7418,3.7697,3.7974,3.8249,3.8521,3.8792,3.906,3.9326,3.959,3.9852,4.0113,4.0373,4.0632,4.089,4.1147,4.1405,4.1662,4.1921,4.218,4.2405,4.2607,4.2815,4.3029,4.3248,4.3475,4.3709,4.395,4.4199,4.4457,4.4723
53.703,1.4295,1.4532,1.477,1.501,1.5253,1.5497,1.5743,1.5991,1.624,1.6492,1.6746,1.7001,1.7258,1.7517,1.7778,1.8041,1.8306,1.8572,1.884,1.911,1.9382,1.9656,1.9931,2.0208,2.0487,2.0768,2.105,2.1334,2.1619,2.1906,2.2195,2.2485,2.2777,2.307,2.3365,2.3661,2.3958,2.4257,2.4557,2.4858,2.5161,2.5465,2.577,2.6076,2.6382,2.669,2.6999,2.7308,2.7618,2.7929,2.8241,2.8553,2.8865,2.9177,2.949,2.9803,3.0116,3.0429,3.0742,3.1054,3.1366,3.1678,3.1989,3.2299,3.2608,3.2916,3.3223,3.3529,3.3834,3.4137,3.4439,3.4739,3.5037,3.5333,3.5628,3.592,3.621,3.6498,3.6784,3.7067,3.7348,3.7627,3.7904,3.8178,3.845,3.8719,3.8987,3.9252,3.9516,3.9778,4.0038,4.0298,4.0556,4.0813,4.107,4.1327,4.1585,4.1842,4.2101,4.2362,4.2607,4.2815,4.3029,4.3248,4.3475,4.3709,4.395,4.4199,4.4457,4.4723
57.544,1.4269,1.4505,1.4743,1.4983,1.5224,1.5468,1.5714,1.5961,1.621,1.6462,1.6715,1.697,1.7226,1.7485,1.7745,1.8008,1.8272,1.8538,1.8806,1.9075,1.9347,1.962,1.9894,2.0171,2.0449,2.0729,2.1011,2.1294,2.1579,2.1866,2.2154,2.2443,2.2735,2.3027,2.3321,2.3617,2.3914,2.4212,2.4512,2.4813,2.5115,2.5418,2.5722,2.6027,2.6334,2.6641,2.6949,2.7258,2.7567,2.7878,2.8189,2.85,2.8812,2.9124,2.9436,2.9748,3.0061,3.0373,3.0685,3.0997,3.1308,3.1619,3.193,3.2239,3.2548,3.2856,3.3162,3.3468,3.3772,3.4074,3.4375,3.4675,3.4972,3.5268,3.5562,3.5854,3.6143,3.6431,3.6716,3.6999,3.728,3.7558,3.7834,3.8107,3.8379,3.8648,3.8915,3.918,3.9443,3.9705,3.9965,4.0223,4.0481,4.0738,4.0995,4.1251,4.1508,4.1765,4.2024,4.2284,4.2546,4.281,4.3029,4.3248,4.3475,4.3709,4.395,4.4199,4.4457,4.4723
61.66,1.4243,1.4479,1.4716,1.4955,1.5197,1.544,1.5685,1.5932,1.6181,1.6431,1.6684,1.6939,1.7195,1.7453,1.7713,1.7975,1.8239,1.8504,1.8771,1.904,1.9311,1.9584,1.9858,2.0134,2.0412,2.0691,2.0973,2.1255,2.154,2.1826,2.2113,2.2402,2.2693,2.2985,2.3279,2.3574,2.387,2.4168,2.4467,2.4767,2.5069,2.5371,2.5675,2.598,2.6286,2.6592,2.69,2.7208,2.7517,2.7827,2.8137,2.8448,2.8759,2.907,2.9382,2.9694,3.0006,3.0317,3.0629,3.094,3.1251,3.1561,3.1871,3.218,3.2488,3.2795,3.3102,3.3406,3.371,3.4012,3.4313,3.4611,3.4909,3.5204,3.5497,3.5788,3.6077,3.6364,3.6649,3.6931,3.7211,3.7489,3.7764,3.8038,3.8308,3.8577,3.8844,3.9108,3.9371,3.9632,3.9892,4.015,4.0407,4.0664,4.092,4.1176,4.1432,4.1689,4.1947,4.2206,4.2468,4.2732,4.2998,4.3248,4.3475,4.3709,4.395,4.4199,4.4457,4.4723
66.069,1.4217,1.4452,1.4689,1.4928,1.5169,1.5412,1.5656,1.5903,1.6151,1.6402,1.6654,1.6908,1.7164,1.7421,1.7681,1.7942,1.8205,1.847,1.8737,1.9006,1.9276,1.9548,1.9822,2.0098,2.0375,2.0654,2.0935,2.1217,2.1501,2.1786,2.2073,2.2362,2.2652,2.2944,2.3237,2.3531,2.3827,2.4124,2.4423,2.4722,2.5023,2.5325,2.5628,2.5933,2.6238,2.6544,2.6851,2.7159,2.7467,2.7776,2.8086,2.8396,2.8707,2.9018,2.9329,2.964,2.9951,3.0262,3.0573,3.0884,3.1194,3.1504,3.1813,3.2122,3.2429,3.2736,3.3042,3.3346,3.3649,3.395,3.425,3.4549,3.4845,3.514,3.5433,3.5723,3.6012,3.6298,3.6583,3.6864,3.7144,3.7421,3.7696,3.7969,3.8239,3.8507,3.8773,3.9037,3.93,3.956,3.9819,4.0077,4.0334,4.059,4.0846,4.1101,4.1357,4.1613,4.1871,4.213,4.2391,4.2654,4.2921,4.319,4.3464,4.3709,4.395,4.4199,4.4457,4.4723
70.795,1.4192,1.4426,1.4663,1.4901,1.5142,1.5384,1.5628,1.5874,1.6122,1.6372,1.6624,1.6877,1.7133,1.739,1.7649,1.791,1.8173,1.8437,1.8704,1.8972,1.9242,1.9513,1.9787,2.0062,2.0338,2.0617,2.0897,2.1179,2.1462,2.1747,2.2034,2.2322,2.2611,2.2902,2.3195,2.3489,2.3784,2.4081,2.4379,2.4678,2.4978,2.528,2.5582,2.5886,2.6191,2.6496,2.6803,2.711,2.7418,2.7727,2.8036,2.8345,2.8655,2.8966,2.9276,2.9587,2.9897,3.0208,3.0519,3.0829,3.1138,3.1448,3.1756,3.2064,3.2371,3.2677,3.2982,3.3286,3.3588,3.3889,3.4189,3.4487,3.4783,3.5077,3.5369,3.5659,3.5947,3.6233,3.6517,3.6798,3.7077,3.7354,3.7628,3.7901,3.817,3.8438,3.8704,3.8967,3.9229,3.9489,3.9748,4.0005,4.0261,4.0517,4.0772,4.1027,4.1283,4.1539,4.1796,4.2054,4.2315,4.2578,4.2844,4.3113,4.3386,4.3664,4.3946,4.4199,4.4457,4.4723
75.858,1.4166,1.4401,1.4637,1.4875,1.5115,1.5357,1.5601,1.5846,1.6094,1.6343,1.6594,1.6847,1.7102,1.7359,1.7618,1.7878,1.814,1.8405,1.867,1.8938,1.9207,1.9478,1.9751,2.0026,2.0302,2.058,2.086,2.1141,2.1424,2.1708,2.1994,2.2282,2.2571,2.2862,2.3154,2.3447,2.3742,2.4038,2.4335,2.4634,2.4934,2.5235,2.5537,2.584,2.6144,2.6449,2.6755,2.7062,2.7369,2.7677,2.7986,2.8295,2.8604,2.8914,2.9224,2.9534,2.9844,3.0154,3.0464,3.0774,3.1083,3.1392,3.17,3.2007,3.2314,3.2619,3.2924,3.3227,3.3529,3.3829,3.4128,3.4425,3.4721,3.5015,3.5306,3.5596,3.5883,3.6169,3.6452,3.6733,3.7011,3.7288,3.7562,3.7833,3.8103,3.837,3.8635,3.8898,3.9159,3.9419,3.9677,3.9934,4.019,4.0445,4.07,4.0954,4.1209,4.1465,4.1721,4.1979,4.2239,4.2502,4.2767,4.3036,4.3309,4.3586,4.3868,4.4155,4.4449,4.4723
81.283,1.4141,1.4375,1.4611,1.4849,1.5088,1.533,1.5573,1.5818,1.6065,1.6314,1.6565,1.6818,1.7072,1.7329,1.7587,1.7847,1.8109,1.8372,1.8637,1.8905,1.9174,1.9444,1.9717,1.9991,2.0266,2.0544,2.0823,2.1104,2.1386,2.167,2.1956,2.2243,2.2531,2.2821,2.3113,2.3406,2.37,2.3996,2.4293,2.4591,2.489,2.519,2.5492,2.5795,2.6098,2.6403,2.6708,2.7014,2.7321,2.7628,2.7937,2.8245,2.8554,2.8863,2.9173,2.9482,2.9792,3.0101,3.0411,3.072,3.1028,3.1336,3.1644,3.1951,3.2257,3.2562,3.2866,3.3168,3.347,3.377,3.4068,3.4365,3.466,3.4953,3.5244,3.5533,3.582,3.6105,3.6388,3.6668,3.6946,3.7222,3.7495,3.7767,3.8035,3.8302,3.8567,3.883,3.909,3.935,3.9607,3.9864,4.0119,4.0374,4.0628,4.0882,4.1137,4.1392,4.1648,4.1906,4.2165,4.2427,4.2692,4.296,4.3233,4.3509,4.3791,4.4078,4.437,4.4669
87.096,1.4117,1.435,1.4586,1.4823,1.5062,1.5303,1.5546,1.5791,1.6037,1.6286,1.6536,1.6788,1.7042,1.7298,1.7556,1.7816,1.8077,1.834,1.8605,1.8872,1.914,1.941,1.9682,1.9956,2.0231,2.0508,2.0787,2.1067,2.1349,2.1632,2.1917,2.2204,2.2492,2.2782,2.3073,2.3365,2.3659,2.3954,2.425,2.4548,2.4847,2.5147,2.5448,2.575,2.6053,2.6357,2.6661,2.6967,2.7273,2.758,2.7888,2.8196,2.8504,2.8813,2.9122,2.9431,2.974,3.0049,3.0358,3.0666,3.0974,3.1282,3.1589,3.1895,3.22,3.2505,3.2808,3.311,3.3411,3.3711,3.4009,3.4305,3.4599,3.4892,3.5183,3.5471,3.5758,3.6042,3.6324,3.6604,3.6882,3.7157,3.743,3.7701,3.7969,3.8235,3.85,3.8762,3.9022,3.9281,3.9538,3.9794,4.0049,4.0303,4.0557,4.0811,4.1065,4.1319,4.1575,4.1832,4.2092,4.2353,4.2618,4.2885,4.3157,4.3433,4.3714,4.4001,4.4293,4.4592
93.325,1.4092,1.4325,1.456,1.4797,1.5036,1.5277,1.5519,1.5763,1.601,1.6258,1.6508,1.6759,1.7013,1.7268,1.7526,1.7785,1.8046,1.8308,1.8573,1.8839,1.9107,1.9377,1.9648,1.9921,2.0196,2.0473,2.0751,2.1031,2.1312,2.1595,2.1879,2.2166,2.2453,2.2742,2.3033,2.3325,2.3618,2.3912,2.4208,2.4505,2.4804,2.5103,2.5404,2.5705,2.6008,2.6311,2.6615,2.692,2.7226,2.7533,2.784,2.8147,2.8455,2.8763,2.9071,2.938,2.9688,2.9997,3.0305,3.0613,3.0921,3.1228,3.1534,3.184,3.2145,3.2449,3.2752,3.3053,3.3354,3.3652,3.395,3.4245,3.4539,3.4832,3.5122,3.541,3.5696,3.598,3.6261,3.6541,3.6818,3.7093,3.7365,3.7635,3.7903,3.8169,3.8433,3.8695,3.8955,3.9213,3.947,3.9725,3.998,4.0234,4.0487,4.074,4.0994,4.1248,4.1503,4.176,4.2019,4.228,4.2544,4.2811,4.3082,4.3358,4.3639,4.3925,4.4216,4.4514
100,1.4068,1.4301,1.4535,1.4772,1.501,1.525,1.5492,1.5736,1.5982,1.623,1.6479,1.6731,1.6984,1.7239,1.7496,1.7754,1.8015,1.8277,1.8541,1.8807,1.9074,1.9343,1.9614,1.9887,2.0162,2.0438,2.0715,2.0995,2.1275,2.1558,2.1842,2.2128,2.2415,2.2703,2.2993,2.3285,2.3577,2.3871,2.4167,2.4463,2.4761,2.506,2.536,2.5661,2.5963,2.6266,2.657,2.6874,2.718,2.7485,2.7792,2.8099,2.8406,2.8714,2.9022,2.933,2.9637,2.9945,3.0253,3.0561,3.0868,3.1174,3.148,3.1785,3.209,3.2393,3.2695,3.2997,3.3296,3.3595,3.3892,3.4187,3.448,3.4772,3.5062,3.5349,3.5635,3.5918,3.6199,3.6478,3.6755,3.7029,3.7301,3.7571,3.7838,3.8104,3.8367,3.8628,3.8888,3.9146,3.9402,3.9657,3.9911,4.0165,4.0418,4.0671,4.0924,4.1177,4.1432,4.1689,4.1947,4.2207,4.2471,4.2738,4.3009,4.3284,4.3564,4.3849,4.4141,4.4438
